ISO-10303-21;
HEADER;
/* Generated by software containing ST-Developer
 * from STEP Tools, Inc. (www.steptools.com) 
 */
/* OPTION: using custom renumber hook */

FILE_DESCRIPTION(
/* description */ ('STEP AP242 Edition 2',
'CAx-IF Rec.Pracs.---Representation and Presentation of Product Manufa
cturing Information (PMI)---4.0---2014-10-13',
'CAx-IF Rec.Pracs.---3D Tessellated Geometry---0.4---2014-09-14','2;1',
'CAx-IF Rec.Pracs.---User Defined Attributes---1.5---2016-08-15'),
/* implementation_level */ '2;1');

FILE_NAME(
/* name */ 'Part Studio 1',
/* time_stamp */ '2026-07-25T01:10:42Z',
/* author */ (''),
/* organization */ (''),
/* preprocessor_version */ 'ST-DEVELOPER v20',
/* originating_system */ 'ONSHAPE BY PTC INC, 1.218',
/* authorisation */ '  ');

FILE_SCHEMA (('AP242_MANAGED_MODEL_BASED_3D_ENGINEERING_MIM_LF { 1 0 10303 442 3 1 4 }'));
ENDSEC;

DATA;
#10=LINE('',#3379,#34);
#11=LINE('',#3382,#35);
#12=LINE('',#3384,#36);
#13=LINE('',#3386,#37);
#14=LINE('',#3388,#38);
#15=LINE('',#3390,#39);
#16=LINE('',#3392,#40);
#17=LINE('',#3394,#41);
#18=LINE('',#3396,#42);
#19=LINE('',#3398,#43);
#20=LINE('',#3400,#44);
#21=LINE('',#3403,#45);
#22=LINE('',#3405,#46);
#23=LINE('',#3407,#47);
#24=LINE('',#3409,#48);
#25=LINE('',#3411,#49);
#26=LINE('',#3413,#50);
#27=LINE('',#3415,#51);
#28=LINE('',#3417,#52);
#29=LINE('',#3419,#53);
#30=LINE('',#3421,#54);
#31=LINE('',#3422,#55);
#32=LINE('',#3424,#56);
#33=LINE('',#3425,#57);
#34=VECTOR('',#2703,1.);
#35=VECTOR('',#2704,1.);
#36=VECTOR('',#2705,1.);
#37=VECTOR('',#2706,1.);
#38=VECTOR('',#2709,1.);
#39=VECTOR('',#2710,1.);
#40=VECTOR('',#2711,1.);
#41=VECTOR('',#2714,1.);
#42=VECTOR('',#2715,1.);
#43=VECTOR('',#2716,1.);
#44=VECTOR('',#2719,1.);
#45=VECTOR('',#2720,1.);
#46=VECTOR('',#2721,1.);
#47=VECTOR('',#2722,1.);
#48=VECTOR('',#2725,1.);
#49=VECTOR('',#2726,1.);
#50=VECTOR('',#2727,1.);
#51=VECTOR('',#2730,1.);
#52=VECTOR('',#2731,1.);
#53=VECTOR('',#2732,1.);
#54=VECTOR('',#2735,1.);
#55=VECTOR('',#2736,1.);
#56=VECTOR('',#2739,1.);
#57=VECTOR('',#2740,1.);
#58=SHAPE_REPRESENTATION_RELATIONSHIP('','',#2236,#98);
#59=SHAPE_REPRESENTATION_RELATIONSHIP('','',#2237,#99);
#60=SHAPE_REPRESENTATION_RELATIONSHIP('','',#2238,#100);
#61=SHAPE_REPRESENTATION_RELATIONSHIP('','',#2239,#101);
#62=SHAPE_REPRESENTATION_RELATIONSHIP('','',#2240,#102);
#63=SHAPE_REPRESENTATION_RELATIONSHIP('','',#2241,#103);
#64=SHAPE_REPRESENTATION_RELATIONSHIP('','',#2242,#104);
#65=SHAPE_REPRESENTATION_RELATIONSHIP('','',#2243,#105);
#66=SHAPE_REPRESENTATION_RELATIONSHIP('','',#2244,#106);
#67=SHAPE_REPRESENTATION_RELATIONSHIP('','',#2245,#107);
#68=SHAPE_REPRESENTATION_RELATIONSHIP('','',#2246,#108);
#69=SHAPE_REPRESENTATION_RELATIONSHIP('','',#2247,#109);
#70=SHAPE_REPRESENTATION_RELATIONSHIP('','',#2248,#110);
#71=SHAPE_REPRESENTATION_RELATIONSHIP('','',#2249,#111);
#72=SHAPE_REPRESENTATION_RELATIONSHIP('','',#2250,#112);
#73=SHAPE_REPRESENTATION_RELATIONSHIP('','',#2251,#113);
#74=SHAPE_REPRESENTATION_RELATIONSHIP('','',#2252,#114);
#75=SHAPE_REPRESENTATION_RELATIONSHIP('','',#2253,#115);
#76=SHAPE_REPRESENTATION_RELATIONSHIP('','',#2254,#116);
#77=SHAPE_REPRESENTATION_RELATIONSHIP('','',#2255,#117);
#78=SHAPE_REPRESENTATION_RELATIONSHIP('','',#2256,#118);
#79=SHAPE_REPRESENTATION_RELATIONSHIP('','',#2257,#119);
#80=SHAPE_REPRESENTATION_RELATIONSHIP('','',#2258,#120);
#81=SHAPE_REPRESENTATION_RELATIONSHIP('','',#2259,#121);
#82=SHAPE_REPRESENTATION_RELATIONSHIP('','',#2260,#122);
#83=SHAPE_REPRESENTATION_RELATIONSHIP('','',#2261,#123);
#84=SHAPE_REPRESENTATION_RELATIONSHIP('','',#2262,#124);
#85=SHAPE_REPRESENTATION_RELATIONSHIP('','',#2263,#125);
#86=SHAPE_REPRESENTATION_RELATIONSHIP('','',#2264,#126);
#87=SHAPE_REPRESENTATION_RELATIONSHIP('','',#2265,#127);
#88=SHAPE_REPRESENTATION_RELATIONSHIP('','',#2266,#128);
#89=SHAPE_REPRESENTATION_RELATIONSHIP('','',#2267,#129);
#90=SHAPE_REPRESENTATION_RELATIONSHIP('','',#2268,#130);
#91=SHAPE_REPRESENTATION_RELATIONSHIP('','',#2269,#131);
#92=SHAPE_REPRESENTATION_RELATIONSHIP('','',#2270,#132);
#93=SHAPE_REPRESENTATION_RELATIONSHIP('','',#2271,#133);
#94=SHAPE_REPRESENTATION_RELATIONSHIP('','',#2272,#134);
#95=SHAPE_REPRESENTATION_RELATIONSHIP('','',#2273,#135);
#96=SHAPE_REPRESENTATION_RELATIONSHIP('','',#2274,#136);
#97=SHAPE_REPRESENTATION_RELATIONSHIP('','',#2275,#137);
#98=ADVANCED_BREP_SHAPE_REPRESENTATION('',(#2156),#3876);
#99=ADVANCED_BREP_SHAPE_REPRESENTATION('',(#2157),#3877);
#100=ADVANCED_BREP_SHAPE_REPRESENTATION('',(#2158),#3878);
#101=ADVANCED_BREP_SHAPE_REPRESENTATION('',(#2159),#3879);
#102=ADVANCED_BREP_SHAPE_REPRESENTATION('',(#2160),#3880);
#103=ADVANCED_BREP_SHAPE_REPRESENTATION('',(#2161),#3881);
#104=ADVANCED_BREP_SHAPE_REPRESENTATION('',(#2162),#3882);
#105=ADVANCED_BREP_SHAPE_REPRESENTATION('',(#2163),#3883);
#106=ADVANCED_BREP_SHAPE_REPRESENTATION('',(#2164),#3884);
#107=ADVANCED_BREP_SHAPE_REPRESENTATION('',(#2165),#3885);
#108=ADVANCED_BREP_SHAPE_REPRESENTATION('',(#2166),#3886);
#109=ADVANCED_BREP_SHAPE_REPRESENTATION('',(#2167),#3887);
#110=ADVANCED_BREP_SHAPE_REPRESENTATION('',(#2168),#3888);
#111=ADVANCED_BREP_SHAPE_REPRESENTATION('',(#2169),#3889);
#112=ADVANCED_BREP_SHAPE_REPRESENTATION('',(#2170),#3890);
#113=ADVANCED_BREP_SHAPE_REPRESENTATION('',(#2171),#3891);
#114=ADVANCED_BREP_SHAPE_REPRESENTATION('',(#2172),#3892);
#115=ADVANCED_BREP_SHAPE_REPRESENTATION('',(#2173),#3893);
#116=ADVANCED_BREP_SHAPE_REPRESENTATION('',(#2174),#3894);
#117=ADVANCED_BREP_SHAPE_REPRESENTATION('',(#2175),#3895);
#118=ADVANCED_BREP_SHAPE_REPRESENTATION('',(#2176),#3896);
#119=ADVANCED_BREP_SHAPE_REPRESENTATION('',(#2177),#3897);
#120=ADVANCED_BREP_SHAPE_REPRESENTATION('',(#2178),#3898);
#121=ADVANCED_BREP_SHAPE_REPRESENTATION('',(#2179),#3899);
#122=ADVANCED_BREP_SHAPE_REPRESENTATION('',(#2180),#3900);
#123=ADVANCED_BREP_SHAPE_REPRESENTATION('',(#2181),#3901);
#124=ADVANCED_BREP_SHAPE_REPRESENTATION('',(#2182),#3902);
#125=ADVANCED_BREP_SHAPE_REPRESENTATION('',(#2183),#3903);
#126=ADVANCED_BREP_SHAPE_REPRESENTATION('',(#2184),#3904);
#127=ADVANCED_BREP_SHAPE_REPRESENTATION('',(#2185),#3905);
#128=ADVANCED_BREP_SHAPE_REPRESENTATION('',(#2186),#3906);
#129=ADVANCED_BREP_SHAPE_REPRESENTATION('',(#2187),#3907);
#130=ADVANCED_BREP_SHAPE_REPRESENTATION('',(#2188),#3908);
#131=ADVANCED_BREP_SHAPE_REPRESENTATION('',(#2189),#3909);
#132=ADVANCED_BREP_SHAPE_REPRESENTATION('',(#2190),#3910);
#133=ADVANCED_BREP_SHAPE_REPRESENTATION('',(#2191),#3911);
#134=ADVANCED_BREP_SHAPE_REPRESENTATION('',(#2192),#3912);
#135=ADVANCED_BREP_SHAPE_REPRESENTATION('',(#2193),#3913);
#136=ADVANCED_BREP_SHAPE_REPRESENTATION('',(#2194),#3914);
#137=ADVANCED_BREP_SHAPE_REPRESENTATION('',(#2195),#3915);
#138=PLANE('',#2283);
#139=PLANE('',#2284);
#140=PLANE('',#2289);
#141=PLANE('',#2290);
#142=PLANE('',#2298);
#143=PLANE('',#2299);
#144=PLANE('',#2307);
#145=PLANE('',#2308);
#146=PLANE('',#2316);
#147=PLANE('',#2317);
#148=PLANE('',#2319);
#149=PLANE('',#2320);
#150=PLANE('',#2321);
#151=PLANE('',#2322);
#152=PLANE('',#2323);
#153=PLANE('',#2324);
#154=PLANE('',#2325);
#155=PLANE('',#2326);
#156=PLANE('',#2327);
#157=PLANE('',#2376);
#158=PLANE('',#2377);
#159=PLANE('',#2382);
#160=PLANE('',#2383);
#161=PLANE('',#2391);
#162=PLANE('',#2392);
#163=PLANE('',#2397);
#164=PLANE('',#2398);
#165=PLANE('',#2406);
#166=PLANE('',#2407);
#167=PLANE('',#2412);
#168=PLANE('',#2413);
#169=PLANE('',#2418);
#170=PLANE('',#2419);
#171=PLANE('',#2427);
#172=PLANE('',#2428);
#173=PLANE('',#2433);
#174=PLANE('',#2434);
#175=PLANE('',#2439);
#176=PLANE('',#2440);
#177=PLANE('',#2448);
#178=PLANE('',#2449);
#179=PLANE('',#2454);
#180=PLANE('',#2455);
#181=PLANE('',#2460);
#182=PLANE('',#2461);
#183=PLANE('',#2469);
#184=PLANE('',#2470);
#185=PLANE('',#2478);
#186=PLANE('',#2479);
#187=PLANE('',#2484);
#188=PLANE('',#2485);
#189=PLANE('',#2490);
#190=PLANE('',#2491);
#191=PLANE('',#2499);
#192=PLANE('',#2500);
#193=PLANE('',#2505);
#194=PLANE('',#2506);
#195=PLANE('',#2511);
#196=PLANE('',#2512);
#197=PLANE('',#2520);
#198=PLANE('',#2521);
#199=PLANE('',#2526);
#200=PLANE('',#2527);
#201=PLANE('',#2532);
#202=PLANE('',#2533);
#203=PLANE('',#2538);
#204=PLANE('',#2539);
#205=PLANE('',#2547);
#206=PLANE('',#2548);
#207=PLANE('',#2553);
#208=PLANE('',#2554);
#209=PLANE('',#2559);
#210=PLANE('',#2560);
#211=PLANE('',#2565);
#212=PLANE('',#2566);
#213=PLANE('',#2574);
#214=PLANE('',#2575);
#215=PLANE('',#2580);
#216=PLANE('',#2581);
#217=PLANE('',#2586);
#218=PLANE('',#2587);
#219=PLANE('',#2592);
#220=PLANE('',#2593);
#221=PLANE('',#2601);
#222=PLANE('',#2602);
#223=PLANE('',#2607);
#224=PLANE('',#2608);
#225=PLANE('',#2613);
#226=PLANE('',#2614);
#227=ORIENTED_EDGE('',*,*,#555,.T.);
#228=ORIENTED_EDGE('',*,*,#556,.F.);
#229=ORIENTED_EDGE('',*,*,#557,.F.);
#230=ORIENTED_EDGE('',*,*,#558,.T.);
#231=ORIENTED_EDGE('',*,*,#555,.F.);
#232=ORIENTED_EDGE('',*,*,#557,.T.);
#233=ORIENTED_EDGE('',*,*,#556,.T.);
#234=ORIENTED_EDGE('',*,*,#558,.F.);
#235=ORIENTED_EDGE('',*,*,#559,.T.);
#236=ORIENTED_EDGE('',*,*,#560,.F.);
#237=ORIENTED_EDGE('',*,*,#559,.F.);
#238=ORIENTED_EDGE('',*,*,#560,.T.);
#239=ORIENTED_EDGE('',*,*,#561,.F.);
#240=ORIENTED_EDGE('',*,*,#562,.T.);
#241=ORIENTED_EDGE('',*,*,#563,.T.);
#242=ORIENTED_EDGE('',*,*,#564,.F.);
#243=ORIENTED_EDGE('',*,*,#561,.T.);
#244=ORIENTED_EDGE('',*,*,#563,.F.);
#245=ORIENTED_EDGE('',*,*,#562,.F.);
#246=ORIENTED_EDGE('',*,*,#564,.T.);
#247=ORIENTED_EDGE('',*,*,#565,.T.);
#248=ORIENTED_EDGE('',*,*,#566,.F.);
#249=ORIENTED_EDGE('',*,*,#567,.F.);
#250=ORIENTED_EDGE('',*,*,#568,.T.);
#251=ORIENTED_EDGE('',*,*,#565,.F.);
#252=ORIENTED_EDGE('',*,*,#567,.T.);
#253=ORIENTED_EDGE('',*,*,#566,.T.);
#254=ORIENTED_EDGE('',*,*,#568,.F.);
#255=ORIENTED_EDGE('',*,*,#569,.F.);
#256=ORIENTED_EDGE('',*,*,#570,.T.);
#257=ORIENTED_EDGE('',*,*,#571,.T.);
#258=ORIENTED_EDGE('',*,*,#572,.F.);
#259=ORIENTED_EDGE('',*,*,#569,.T.);
#260=ORIENTED_EDGE('',*,*,#571,.F.);
#261=ORIENTED_EDGE('',*,*,#570,.F.);
#262=ORIENTED_EDGE('',*,*,#572,.T.);
#263=ORIENTED_EDGE('',*,*,#573,.T.);
#264=ORIENTED_EDGE('',*,*,#574,.F.);
#265=ORIENTED_EDGE('',*,*,#575,.F.);
#266=ORIENTED_EDGE('',*,*,#576,.T.);
#267=ORIENTED_EDGE('',*,*,#575,.T.);
#268=ORIENTED_EDGE('',*,*,#577,.T.);
#269=ORIENTED_EDGE('',*,*,#578,.F.);
#270=ORIENTED_EDGE('',*,*,#579,.F.);
#271=ORIENTED_EDGE('',*,*,#578,.T.);
#272=ORIENTED_EDGE('',*,*,#580,.T.);
#273=ORIENTED_EDGE('',*,*,#581,.F.);
#274=ORIENTED_EDGE('',*,*,#582,.F.);
#275=ORIENTED_EDGE('',*,*,#583,.F.);
#276=ORIENTED_EDGE('',*,*,#584,.F.);
#277=ORIENTED_EDGE('',*,*,#585,.T.);
#278=ORIENTED_EDGE('',*,*,#586,.T.);
#279=ORIENTED_EDGE('',*,*,#587,.T.);
#280=ORIENTED_EDGE('',*,*,#588,.F.);
#281=ORIENTED_EDGE('',*,*,#589,.F.);
#282=ORIENTED_EDGE('',*,*,#584,.T.);
#283=ORIENTED_EDGE('',*,*,#590,.T.);
#284=ORIENTED_EDGE('',*,*,#591,.F.);
#285=ORIENTED_EDGE('',*,*,#592,.F.);
#286=ORIENTED_EDGE('',*,*,#588,.T.);
#287=ORIENTED_EDGE('',*,*,#593,.F.);
#288=ORIENTED_EDGE('',*,*,#586,.F.);
#289=ORIENTED_EDGE('',*,*,#594,.T.);
#290=ORIENTED_EDGE('',*,*,#591,.T.);
#291=ORIENTED_EDGE('',*,*,#581,.T.);
#292=ORIENTED_EDGE('',*,*,#595,.F.);
#293=ORIENTED_EDGE('',*,*,#573,.F.);
#294=ORIENTED_EDGE('',*,*,#596,.T.);
#295=ORIENTED_EDGE('',*,*,#585,.F.);
#296=ORIENTED_EDGE('',*,*,#589,.T.);
#297=ORIENTED_EDGE('',*,*,#592,.T.);
#298=ORIENTED_EDGE('',*,*,#594,.F.);
#299=ORIENTED_EDGE('',*,*,#576,.F.);
#300=ORIENTED_EDGE('',*,*,#579,.T.);
#301=ORIENTED_EDGE('',*,*,#582,.T.);
#302=ORIENTED_EDGE('',*,*,#596,.F.);
#303=ORIENTED_EDGE('',*,*,#597,.F.);
#304=ORIENTED_EDGE('',*,*,#598,.T.);
#305=ORIENTED_EDGE('',*,*,#599,.F.);
#306=ORIENTED_EDGE('',*,*,#600,.T.);
#307=ORIENTED_EDGE('',*,*,#601,.F.);
#308=ORIENTED_EDGE('',*,*,#602,.T.);
#309=ORIENTED_EDGE('',*,*,#603,.F.);
#310=ORIENTED_EDGE('',*,*,#604,.T.);
#311=ORIENTED_EDGE('',*,*,#605,.F.);
#312=ORIENTED_EDGE('',*,*,#606,.T.);
#313=ORIENTED_EDGE('',*,*,#607,.F.);
#314=ORIENTED_EDGE('',*,*,#608,.T.);
#315=ORIENTED_EDGE('',*,*,#609,.F.);
#316=ORIENTED_EDGE('',*,*,#610,.T.);
#317=ORIENTED_EDGE('',*,*,#611,.F.);
#318=ORIENTED_EDGE('',*,*,#612,.T.);
#319=ORIENTED_EDGE('',*,*,#613,.F.);
#320=ORIENTED_EDGE('',*,*,#614,.T.);
#321=ORIENTED_EDGE('',*,*,#615,.F.);
#322=ORIENTED_EDGE('',*,*,#616,.T.);
#323=ORIENTED_EDGE('',*,*,#617,.F.);
#324=ORIENTED_EDGE('',*,*,#618,.T.);
#325=ORIENTED_EDGE('',*,*,#619,.F.);
#326=ORIENTED_EDGE('',*,*,#620,.T.);
#327=ORIENTED_EDGE('',*,*,#621,.F.);
#328=ORIENTED_EDGE('',*,*,#622,.T.);
#329=ORIENTED_EDGE('',*,*,#623,.F.);
#330=ORIENTED_EDGE('',*,*,#624,.T.);
#331=ORIENTED_EDGE('',*,*,#625,.F.);
#332=ORIENTED_EDGE('',*,*,#626,.T.);
#333=ORIENTED_EDGE('',*,*,#627,.F.);
#334=ORIENTED_EDGE('',*,*,#628,.T.);
#335=ORIENTED_EDGE('',*,*,#574,.T.);
#336=ORIENTED_EDGE('',*,*,#595,.T.);
#337=ORIENTED_EDGE('',*,*,#580,.F.);
#338=ORIENTED_EDGE('',*,*,#577,.F.);
#339=ORIENTED_EDGE('',*,*,#625,.T.);
#340=ORIENTED_EDGE('',*,*,#623,.T.);
#341=ORIENTED_EDGE('',*,*,#621,.T.);
#342=ORIENTED_EDGE('',*,*,#619,.T.);
#343=ORIENTED_EDGE('',*,*,#617,.T.);
#344=ORIENTED_EDGE('',*,*,#615,.T.);
#345=ORIENTED_EDGE('',*,*,#613,.T.);
#346=ORIENTED_EDGE('',*,*,#611,.T.);
#347=ORIENTED_EDGE('',*,*,#609,.T.);
#348=ORIENTED_EDGE('',*,*,#607,.T.);
#349=ORIENTED_EDGE('',*,*,#605,.T.);
#350=ORIENTED_EDGE('',*,*,#603,.T.);
#351=ORIENTED_EDGE('',*,*,#601,.T.);
#352=ORIENTED_EDGE('',*,*,#599,.T.);
#353=ORIENTED_EDGE('',*,*,#597,.T.);
#354=ORIENTED_EDGE('',*,*,#627,.T.);
#355=ORIENTED_EDGE('',*,*,#587,.F.);
#356=ORIENTED_EDGE('',*,*,#583,.T.);
#357=ORIENTED_EDGE('',*,*,#593,.T.);
#358=ORIENTED_EDGE('',*,*,#590,.F.);
#359=ORIENTED_EDGE('',*,*,#626,.F.);
#360=ORIENTED_EDGE('',*,*,#624,.F.);
#361=ORIENTED_EDGE('',*,*,#622,.F.);
#362=ORIENTED_EDGE('',*,*,#620,.F.);
#363=ORIENTED_EDGE('',*,*,#618,.F.);
#364=ORIENTED_EDGE('',*,*,#616,.F.);
#365=ORIENTED_EDGE('',*,*,#614,.F.);
#366=ORIENTED_EDGE('',*,*,#612,.F.);
#367=ORIENTED_EDGE('',*,*,#610,.F.);
#368=ORIENTED_EDGE('',*,*,#608,.F.);
#369=ORIENTED_EDGE('',*,*,#606,.F.);
#370=ORIENTED_EDGE('',*,*,#604,.F.);
#371=ORIENTED_EDGE('',*,*,#602,.F.);
#372=ORIENTED_EDGE('',*,*,#600,.F.);
#373=ORIENTED_EDGE('',*,*,#598,.F.);
#374=ORIENTED_EDGE('',*,*,#628,.F.);
#375=ORIENTED_EDGE('',*,*,#629,.F.);
#376=ORIENTED_EDGE('',*,*,#630,.T.);
#377=ORIENTED_EDGE('',*,*,#629,.T.);
#378=ORIENTED_EDGE('',*,*,#630,.F.);
#379=ORIENTED_EDGE('',*,*,#631,.F.);
#380=ORIENTED_EDGE('',*,*,#632,.T.);
#381=ORIENTED_EDGE('',*,*,#633,.T.);
#382=ORIENTED_EDGE('',*,*,#634,.F.);
#383=ORIENTED_EDGE('',*,*,#631,.T.);
#384=ORIENTED_EDGE('',*,*,#633,.F.);
#385=ORIENTED_EDGE('',*,*,#632,.F.);
#386=ORIENTED_EDGE('',*,*,#634,.T.);
#387=ORIENTED_EDGE('',*,*,#635,.F.);
#388=ORIENTED_EDGE('',*,*,#636,.T.);
#389=ORIENTED_EDGE('',*,*,#635,.T.);
#390=ORIENTED_EDGE('',*,*,#636,.F.);
#391=ORIENTED_EDGE('',*,*,#637,.F.);
#392=ORIENTED_EDGE('',*,*,#638,.T.);
#393=ORIENTED_EDGE('',*,*,#639,.T.);
#394=ORIENTED_EDGE('',*,*,#640,.F.);
#395=ORIENTED_EDGE('',*,*,#637,.T.);
#396=ORIENTED_EDGE('',*,*,#639,.F.);
#397=ORIENTED_EDGE('',*,*,#638,.F.);
#398=ORIENTED_EDGE('',*,*,#640,.T.);
#399=ORIENTED_EDGE('',*,*,#641,.F.);
#400=ORIENTED_EDGE('',*,*,#642,.T.);
#401=ORIENTED_EDGE('',*,*,#641,.T.);
#402=ORIENTED_EDGE('',*,*,#642,.F.);
#403=ORIENTED_EDGE('',*,*,#643,.F.);
#404=ORIENTED_EDGE('',*,*,#644,.T.);
#405=ORIENTED_EDGE('',*,*,#643,.T.);
#406=ORIENTED_EDGE('',*,*,#644,.F.);
#407=ORIENTED_EDGE('',*,*,#645,.F.);
#408=ORIENTED_EDGE('',*,*,#646,.T.);
#409=ORIENTED_EDGE('',*,*,#647,.T.);
#410=ORIENTED_EDGE('',*,*,#648,.F.);
#411=ORIENTED_EDGE('',*,*,#645,.T.);
#412=ORIENTED_EDGE('',*,*,#647,.F.);
#413=ORIENTED_EDGE('',*,*,#646,.F.);
#414=ORIENTED_EDGE('',*,*,#648,.T.);
#415=ORIENTED_EDGE('',*,*,#649,.F.);
#416=ORIENTED_EDGE('',*,*,#650,.T.);
#417=ORIENTED_EDGE('',*,*,#649,.T.);
#418=ORIENTED_EDGE('',*,*,#650,.F.);
#419=ORIENTED_EDGE('',*,*,#651,.F.);
#420=ORIENTED_EDGE('',*,*,#652,.T.);
#421=ORIENTED_EDGE('',*,*,#651,.T.);
#422=ORIENTED_EDGE('',*,*,#652,.F.);
#423=ORIENTED_EDGE('',*,*,#653,.F.);
#424=ORIENTED_EDGE('',*,*,#654,.T.);
#425=ORIENTED_EDGE('',*,*,#655,.T.);
#426=ORIENTED_EDGE('',*,*,#656,.F.);
#427=ORIENTED_EDGE('',*,*,#653,.T.);
#428=ORIENTED_EDGE('',*,*,#655,.F.);
#429=ORIENTED_EDGE('',*,*,#654,.F.);
#430=ORIENTED_EDGE('',*,*,#656,.T.);
#431=ORIENTED_EDGE('',*,*,#657,.F.);
#432=ORIENTED_EDGE('',*,*,#658,.T.);
#433=ORIENTED_EDGE('',*,*,#657,.T.);
#434=ORIENTED_EDGE('',*,*,#658,.F.);
#435=ORIENTED_EDGE('',*,*,#659,.F.);
#436=ORIENTED_EDGE('',*,*,#660,.T.);
#437=ORIENTED_EDGE('',*,*,#659,.T.);
#438=ORIENTED_EDGE('',*,*,#660,.F.);
#439=ORIENTED_EDGE('',*,*,#661,.F.);
#440=ORIENTED_EDGE('',*,*,#662,.T.);
#441=ORIENTED_EDGE('',*,*,#663,.T.);
#442=ORIENTED_EDGE('',*,*,#664,.F.);
#443=ORIENTED_EDGE('',*,*,#661,.T.);
#444=ORIENTED_EDGE('',*,*,#663,.F.);
#445=ORIENTED_EDGE('',*,*,#662,.F.);
#446=ORIENTED_EDGE('',*,*,#664,.T.);
#447=ORIENTED_EDGE('',*,*,#665,.T.);
#448=ORIENTED_EDGE('',*,*,#666,.F.);
#449=ORIENTED_EDGE('',*,*,#667,.F.);
#450=ORIENTED_EDGE('',*,*,#668,.T.);
#451=ORIENTED_EDGE('',*,*,#665,.F.);
#452=ORIENTED_EDGE('',*,*,#667,.T.);
#453=ORIENTED_EDGE('',*,*,#666,.T.);
#454=ORIENTED_EDGE('',*,*,#668,.F.);
#455=ORIENTED_EDGE('',*,*,#669,.T.);
#456=ORIENTED_EDGE('',*,*,#670,.F.);
#457=ORIENTED_EDGE('',*,*,#669,.F.);
#458=ORIENTED_EDGE('',*,*,#670,.T.);
#459=ORIENTED_EDGE('',*,*,#671,.T.);
#460=ORIENTED_EDGE('',*,*,#672,.F.);
#461=ORIENTED_EDGE('',*,*,#671,.F.);
#462=ORIENTED_EDGE('',*,*,#672,.T.);
#463=ORIENTED_EDGE('',*,*,#673,.T.);
#464=ORIENTED_EDGE('',*,*,#674,.F.);
#465=ORIENTED_EDGE('',*,*,#675,.F.);
#466=ORIENTED_EDGE('',*,*,#676,.T.);
#467=ORIENTED_EDGE('',*,*,#673,.F.);
#468=ORIENTED_EDGE('',*,*,#675,.T.);
#469=ORIENTED_EDGE('',*,*,#674,.T.);
#470=ORIENTED_EDGE('',*,*,#676,.F.);
#471=ORIENTED_EDGE('',*,*,#677,.T.);
#472=ORIENTED_EDGE('',*,*,#678,.F.);
#473=ORIENTED_EDGE('',*,*,#677,.F.);
#474=ORIENTED_EDGE('',*,*,#678,.T.);
#475=ORIENTED_EDGE('',*,*,#679,.T.);
#476=ORIENTED_EDGE('',*,*,#680,.F.);
#477=ORIENTED_EDGE('',*,*,#679,.F.);
#478=ORIENTED_EDGE('',*,*,#680,.T.);
#479=ORIENTED_EDGE('',*,*,#681,.T.);
#480=ORIENTED_EDGE('',*,*,#682,.F.);
#481=ORIENTED_EDGE('',*,*,#683,.F.);
#482=ORIENTED_EDGE('',*,*,#684,.T.);
#483=ORIENTED_EDGE('',*,*,#681,.F.);
#484=ORIENTED_EDGE('',*,*,#683,.T.);
#485=ORIENTED_EDGE('',*,*,#682,.T.);
#486=ORIENTED_EDGE('',*,*,#684,.F.);
#487=ORIENTED_EDGE('',*,*,#685,.T.);
#488=ORIENTED_EDGE('',*,*,#686,.F.);
#489=ORIENTED_EDGE('',*,*,#685,.F.);
#490=ORIENTED_EDGE('',*,*,#686,.T.);
#491=ORIENTED_EDGE('',*,*,#687,.T.);
#492=ORIENTED_EDGE('',*,*,#688,.F.);
#493=ORIENTED_EDGE('',*,*,#687,.F.);
#494=ORIENTED_EDGE('',*,*,#688,.T.);
#495=ORIENTED_EDGE('',*,*,#689,.T.);
#496=ORIENTED_EDGE('',*,*,#690,.F.);
#497=ORIENTED_EDGE('',*,*,#689,.F.);
#498=ORIENTED_EDGE('',*,*,#690,.T.);
#499=ORIENTED_EDGE('',*,*,#691,.T.);
#500=ORIENTED_EDGE('',*,*,#692,.F.);
#501=ORIENTED_EDGE('',*,*,#693,.F.);
#502=ORIENTED_EDGE('',*,*,#694,.T.);
#503=ORIENTED_EDGE('',*,*,#691,.F.);
#504=ORIENTED_EDGE('',*,*,#693,.T.);
#505=ORIENTED_EDGE('',*,*,#692,.T.);
#506=ORIENTED_EDGE('',*,*,#694,.F.);
#507=ORIENTED_EDGE('',*,*,#695,.T.);
#508=ORIENTED_EDGE('',*,*,#696,.F.);
#509=ORIENTED_EDGE('',*,*,#695,.F.);
#510=ORIENTED_EDGE('',*,*,#696,.T.);
#511=ORIENTED_EDGE('',*,*,#697,.T.);
#512=ORIENTED_EDGE('',*,*,#698,.F.);
#513=ORIENTED_EDGE('',*,*,#697,.F.);
#514=ORIENTED_EDGE('',*,*,#698,.T.);
#515=ORIENTED_EDGE('',*,*,#699,.T.);
#516=ORIENTED_EDGE('',*,*,#700,.F.);
#517=ORIENTED_EDGE('',*,*,#699,.F.);
#518=ORIENTED_EDGE('',*,*,#700,.T.);
#519=ORIENTED_EDGE('',*,*,#701,.T.);
#520=ORIENTED_EDGE('',*,*,#702,.F.);
#521=ORIENTED_EDGE('',*,*,#703,.F.);
#522=ORIENTED_EDGE('',*,*,#704,.T.);
#523=ORIENTED_EDGE('',*,*,#701,.F.);
#524=ORIENTED_EDGE('',*,*,#703,.T.);
#525=ORIENTED_EDGE('',*,*,#702,.T.);
#526=ORIENTED_EDGE('',*,*,#704,.F.);
#527=ORIENTED_EDGE('',*,*,#705,.T.);
#528=ORIENTED_EDGE('',*,*,#706,.F.);
#529=ORIENTED_EDGE('',*,*,#705,.F.);
#530=ORIENTED_EDGE('',*,*,#706,.T.);
#531=ORIENTED_EDGE('',*,*,#707,.T.);
#532=ORIENTED_EDGE('',*,*,#708,.F.);
#533=ORIENTED_EDGE('',*,*,#707,.F.);
#534=ORIENTED_EDGE('',*,*,#708,.T.);
#535=ORIENTED_EDGE('',*,*,#709,.T.);
#536=ORIENTED_EDGE('',*,*,#710,.F.);
#537=ORIENTED_EDGE('',*,*,#709,.F.);
#538=ORIENTED_EDGE('',*,*,#710,.T.);
#539=ORIENTED_EDGE('',*,*,#711,.T.);
#540=ORIENTED_EDGE('',*,*,#712,.F.);
#541=ORIENTED_EDGE('',*,*,#713,.F.);
#542=ORIENTED_EDGE('',*,*,#714,.T.);
#543=ORIENTED_EDGE('',*,*,#711,.F.);
#544=ORIENTED_EDGE('',*,*,#713,.T.);
#545=ORIENTED_EDGE('',*,*,#712,.T.);
#546=ORIENTED_EDGE('',*,*,#714,.F.);
#547=ORIENTED_EDGE('',*,*,#715,.T.);
#548=ORIENTED_EDGE('',*,*,#716,.F.);
#549=ORIENTED_EDGE('',*,*,#715,.F.);
#550=ORIENTED_EDGE('',*,*,#716,.T.);
#551=ORIENTED_EDGE('',*,*,#717,.T.);
#552=ORIENTED_EDGE('',*,*,#718,.F.);
#553=ORIENTED_EDGE('',*,*,#717,.F.);
#554=ORIENTED_EDGE('',*,*,#718,.T.);
#555=EDGE_CURVE('',#719,#719,#875,.T.);
#556=EDGE_CURVE('',#720,#720,#876,.T.);
#557=EDGE_CURVE('',#721,#721,#877,.T.);
#558=EDGE_CURVE('',#722,#722,#878,.T.);
#559=EDGE_CURVE('',#723,#723,#879,.T.);
#560=EDGE_CURVE('',#724,#724,#880,.T.);
#561=EDGE_CURVE('',#725,#725,#881,.T.);
#562=EDGE_CURVE('',#726,#726,#882,.T.);
#563=EDGE_CURVE('',#727,#727,#883,.T.);
#564=EDGE_CURVE('',#728,#728,#884,.T.);
#565=EDGE_CURVE('',#729,#729,#885,.T.);
#566=EDGE_CURVE('',#730,#730,#886,.T.);
#567=EDGE_CURVE('',#731,#731,#887,.T.);
#568=EDGE_CURVE('',#732,#732,#888,.T.);
#569=EDGE_CURVE('',#733,#733,#889,.T.);
#570=EDGE_CURVE('',#734,#734,#890,.T.);
#571=EDGE_CURVE('',#735,#735,#891,.T.);
#572=EDGE_CURVE('',#736,#736,#892,.T.);
#573=EDGE_CURVE('',#737,#738,#10,.T.);
#574=EDGE_CURVE('',#739,#738,#11,.T.);
#575=EDGE_CURVE('',#740,#739,#12,.T.);
#576=EDGE_CURVE('',#740,#737,#13,.T.);
#577=EDGE_CURVE('',#739,#741,#14,.T.);
#578=EDGE_CURVE('',#742,#741,#15,.T.);
#579=EDGE_CURVE('',#740,#742,#16,.T.);
#580=EDGE_CURVE('',#741,#743,#17,.T.);
#581=EDGE_CURVE('',#744,#743,#18,.T.);
#582=EDGE_CURVE('',#742,#744,#19,.T.);
#583=EDGE_CURVE('',#745,#746,#20,.T.);
#584=EDGE_CURVE('',#747,#745,#21,.T.);
#585=EDGE_CURVE('',#747,#748,#22,.T.);
#586=EDGE_CURVE('',#748,#746,#23,.T.);
#587=EDGE_CURVE('',#745,#749,#24,.T.);
#588=EDGE_CURVE('',#750,#749,#25,.T.);
#589=EDGE_CURVE('',#747,#750,#26,.T.);
#590=EDGE_CURVE('',#749,#751,#27,.T.);
#591=EDGE_CURVE('',#752,#751,#28,.T.);
#592=EDGE_CURVE('',#750,#752,#29,.T.);
#593=EDGE_CURVE('',#746,#751,#30,.T.);
#594=EDGE_CURVE('',#748,#752,#31,.T.);
#595=EDGE_CURVE('',#738,#743,#32,.T.);
#596=EDGE_CURVE('',#737,#744,#33,.T.);
#597=EDGE_CURVE('',#753,#753,#893,.T.);
#598=EDGE_CURVE('',#754,#754,#894,.T.);
#599=EDGE_CURVE('',#755,#755,#895,.T.);
#600=EDGE_CURVE('',#756,#756,#896,.T.);
#601=EDGE_CURVE('',#757,#757,#897,.T.);
#602=EDGE_CURVE('',#758,#758,#898,.T.);
#603=EDGE_CURVE('',#759,#759,#899,.T.);
#604=EDGE_CURVE('',#760,#760,#900,.T.);
#605=EDGE_CURVE('',#761,#761,#901,.T.);
#606=EDGE_CURVE('',#762,#762,#902,.T.);
#607=EDGE_CURVE('',#763,#763,#903,.T.);
#608=EDGE_CURVE('',#764,#764,#904,.T.);
#609=EDGE_CURVE('',#765,#765,#905,.T.);
#610=EDGE_CURVE('',#766,#766,#906,.T.);
#611=EDGE_CURVE('',#767,#767,#907,.T.);
#612=EDGE_CURVE('',#768,#768,#908,.T.);
#613=EDGE_CURVE('',#769,#769,#909,.T.);
#614=EDGE_CURVE('',#770,#770,#910,.T.);
#615=EDGE_CURVE('',#771,#771,#911,.T.);
#616=EDGE_CURVE('',#772,#772,#912,.T.);
#617=EDGE_CURVE('',#773,#773,#913,.T.);
#618=EDGE_CURVE('',#774,#774,#914,.T.);
#619=EDGE_CURVE('',#775,#775,#915,.T.);
#620=EDGE_CURVE('',#776,#776,#916,.T.);
#621=EDGE_CURVE('',#777,#777,#917,.T.);
#622=EDGE_CURVE('',#778,#778,#918,.T.);
#623=EDGE_CURVE('',#779,#779,#919,.T.);
#624=EDGE_CURVE('',#780,#780,#920,.T.);
#625=EDGE_CURVE('',#781,#781,#921,.T.);
#626=EDGE_CURVE('',#782,#782,#922,.T.);
#627=EDGE_CURVE('',#783,#783,#923,.T.);
#628=EDGE_CURVE('',#784,#784,#924,.T.);
#629=EDGE_CURVE('',#785,#785,#925,.T.);
#630=EDGE_CURVE('',#786,#786,#926,.T.);
#631=EDGE_CURVE('',#787,#787,#927,.T.);
#632=EDGE_CURVE('',#788,#788,#928,.T.);
#633=EDGE_CURVE('',#789,#789,#929,.T.);
#634=EDGE_CURVE('',#790,#790,#930,.T.);
#635=EDGE_CURVE('',#791,#791,#931,.T.);
#636=EDGE_CURVE('',#792,#792,#932,.T.);
#637=EDGE_CURVE('',#793,#793,#933,.T.);
#638=EDGE_CURVE('',#794,#794,#934,.T.);
#639=EDGE_CURVE('',#795,#795,#935,.T.);
#640=EDGE_CURVE('',#796,#796,#936,.T.);
#641=EDGE_CURVE('',#797,#797,#937,.T.);
#642=EDGE_CURVE('',#798,#798,#938,.T.);
#643=EDGE_CURVE('',#799,#799,#939,.T.);
#644=EDGE_CURVE('',#800,#800,#940,.T.);
#645=EDGE_CURVE('',#801,#801,#941,.T.);
#646=EDGE_CURVE('',#802,#802,#942,.T.);
#647=EDGE_CURVE('',#803,#803,#943,.T.);
#648=EDGE_CURVE('',#804,#804,#944,.T.);
#649=EDGE_CURVE('',#805,#805,#945,.T.);
#650=EDGE_CURVE('',#806,#806,#946,.T.);
#651=EDGE_CURVE('',#807,#807,#947,.T.);
#652=EDGE_CURVE('',#808,#808,#948,.T.);
#653=EDGE_CURVE('',#809,#809,#949,.T.);
#654=EDGE_CURVE('',#810,#810,#950,.T.);
#655=EDGE_CURVE('',#811,#811,#951,.T.);
#656=EDGE_CURVE('',#812,#812,#952,.T.);
#657=EDGE_CURVE('',#813,#813,#953,.T.);
#658=EDGE_CURVE('',#814,#814,#954,.T.);
#659=EDGE_CURVE('',#815,#815,#955,.T.);
#660=EDGE_CURVE('',#816,#816,#956,.T.);
#661=EDGE_CURVE('',#817,#817,#957,.T.);
#662=EDGE_CURVE('',#818,#818,#958,.T.);
#663=EDGE_CURVE('',#819,#819,#959,.T.);
#664=EDGE_CURVE('',#820,#820,#960,.T.);
#665=EDGE_CURVE('',#821,#821,#961,.T.);
#666=EDGE_CURVE('',#822,#822,#962,.T.);
#667=EDGE_CURVE('',#823,#823,#963,.T.);
#668=EDGE_CURVE('',#824,#824,#964,.T.);
#669=EDGE_CURVE('',#825,#825,#965,.T.);
#670=EDGE_CURVE('',#826,#826,#966,.T.);
#671=EDGE_CURVE('',#827,#827,#967,.T.);
#672=EDGE_CURVE('',#828,#828,#968,.T.);
#673=EDGE_CURVE('',#829,#829,#969,.T.);
#674=EDGE_CURVE('',#830,#830,#970,.T.);
#675=EDGE_CURVE('',#831,#831,#971,.T.);
#676=EDGE_CURVE('',#832,#832,#972,.T.);
#677=EDGE_CURVE('',#833,#833,#973,.T.);
#678=EDGE_CURVE('',#834,#834,#974,.T.);
#679=EDGE_CURVE('',#835,#835,#975,.T.);
#680=EDGE_CURVE('',#836,#836,#976,.T.);
#681=EDGE_CURVE('',#837,#837,#977,.T.);
#682=EDGE_CURVE('',#838,#838,#978,.T.);
#683=EDGE_CURVE('',#839,#839,#979,.T.);
#684=EDGE_CURVE('',#840,#840,#980,.T.);
#685=EDGE_CURVE('',#841,#841,#981,.T.);
#686=EDGE_CURVE('',#842,#842,#982,.T.);
#687=EDGE_CURVE('',#843,#843,#983,.T.);
#688=EDGE_CURVE('',#844,#844,#984,.T.);
#689=EDGE_CURVE('',#845,#845,#985,.T.);
#690=EDGE_CURVE('',#846,#846,#986,.T.);
#691=EDGE_CURVE('',#847,#847,#987,.T.);
#692=EDGE_CURVE('',#848,#848,#988,.T.);
#693=EDGE_CURVE('',#849,#849,#989,.T.);
#694=EDGE_CURVE('',#850,#850,#990,.T.);
#695=EDGE_CURVE('',#851,#851,#991,.T.);
#696=EDGE_CURVE('',#852,#852,#992,.T.);
#697=EDGE_CURVE('',#853,#853,#993,.T.);
#698=EDGE_CURVE('',#854,#854,#994,.T.);
#699=EDGE_CURVE('',#855,#855,#995,.T.);
#700=EDGE_CURVE('',#856,#856,#996,.T.);
#701=EDGE_CURVE('',#857,#857,#997,.T.);
#702=EDGE_CURVE('',#858,#858,#998,.T.);
#703=EDGE_CURVE('',#859,#859,#999,.T.);
#704=EDGE_CURVE('',#860,#860,#1000,.T.);
#705=EDGE_CURVE('',#861,#861,#1001,.T.);
#706=EDGE_CURVE('',#862,#862,#1002,.T.);
#707=EDGE_CURVE('',#863,#863,#1003,.T.);
#708=EDGE_CURVE('',#864,#864,#1004,.T.);
#709=EDGE_CURVE('',#865,#865,#1005,.T.);
#710=EDGE_CURVE('',#866,#866,#1006,.T.);
#711=EDGE_CURVE('',#867,#867,#1007,.T.);
#712=EDGE_CURVE('',#868,#868,#1008,.T.);
#713=EDGE_CURVE('',#869,#869,#1009,.T.);
#714=EDGE_CURVE('',#870,#870,#1010,.T.);
#715=EDGE_CURVE('',#871,#871,#1011,.T.);
#716=EDGE_CURVE('',#872,#872,#1012,.T.);
#717=EDGE_CURVE('',#873,#873,#1013,.T.);
#718=EDGE_CURVE('',#874,#874,#1014,.T.);
#719=VERTEX_POINT('',#3320);
#720=VERTEX_POINT('',#3322);
#721=VERTEX_POINT('',#3325);
#722=VERTEX_POINT('',#3327);
#723=VERTEX_POINT('',#3333);
#724=VERTEX_POINT('',#3335);
#725=VERTEX_POINT('',#3341);
#726=VERTEX_POINT('',#3343);
#727=VERTEX_POINT('',#3346);
#728=VERTEX_POINT('',#3348);
#729=VERTEX_POINT('',#3354);
#730=VERTEX_POINT('',#3356);
#731=VERTEX_POINT('',#3359);
#732=VERTEX_POINT('',#3361);
#733=VERTEX_POINT('',#3367);
#734=VERTEX_POINT('',#3369);
#735=VERTEX_POINT('',#3372);
#736=VERTEX_POINT('',#3374);
#737=VERTEX_POINT('',#3380);
#738=VERTEX_POINT('',#3381);
#739=VERTEX_POINT('',#3383);
#740=VERTEX_POINT('',#3385);
#741=VERTEX_POINT('',#3389);
#742=VERTEX_POINT('',#3391);
#743=VERTEX_POINT('',#3395);
#744=VERTEX_POINT('',#3397);
#745=VERTEX_POINT('',#3401);
#746=VERTEX_POINT('',#3402);
#747=VERTEX_POINT('',#3404);
#748=VERTEX_POINT('',#3406);
#749=VERTEX_POINT('',#3410);
#750=VERTEX_POINT('',#3412);
#751=VERTEX_POINT('',#3416);
#752=VERTEX_POINT('',#3418);
#753=VERTEX_POINT('',#3429);
#754=VERTEX_POINT('',#3431);
#755=VERTEX_POINT('',#3434);
#756=VERTEX_POINT('',#3436);
#757=VERTEX_POINT('',#3439);
#758=VERTEX_POINT('',#3441);
#759=VERTEX_POINT('',#3444);
#760=VERTEX_POINT('',#3446);
#761=VERTEX_POINT('',#3449);
#762=VERTEX_POINT('',#3451);
#763=VERTEX_POINT('',#3454);
#764=VERTEX_POINT('',#3456);
#765=VERTEX_POINT('',#3459);
#766=VERTEX_POINT('',#3461);
#767=VERTEX_POINT('',#3464);
#768=VERTEX_POINT('',#3466);
#769=VERTEX_POINT('',#3469);
#770=VERTEX_POINT('',#3471);
#771=VERTEX_POINT('',#3474);
#772=VERTEX_POINT('',#3476);
#773=VERTEX_POINT('',#3479);
#774=VERTEX_POINT('',#3481);
#775=VERTEX_POINT('',#3484);
#776=VERTEX_POINT('',#3486);
#777=VERTEX_POINT('',#3489);
#778=VERTEX_POINT('',#3491);
#779=VERTEX_POINT('',#3494);
#780=VERTEX_POINT('',#3496);
#781=VERTEX_POINT('',#3499);
#782=VERTEX_POINT('',#3501);
#783=VERTEX_POINT('',#3504);
#784=VERTEX_POINT('',#3506);
#785=VERTEX_POINT('',#3512);
#786=VERTEX_POINT('',#3514);
#787=VERTEX_POINT('',#3520);
#788=VERTEX_POINT('',#3522);
#789=VERTEX_POINT('',#3525);
#790=VERTEX_POINT('',#3527);
#791=VERTEX_POINT('',#3533);
#792=VERTEX_POINT('',#3535);
#793=VERTEX_POINT('',#3541);
#794=VERTEX_POINT('',#3543);
#795=VERTEX_POINT('',#3546);
#796=VERTEX_POINT('',#3548);
#797=VERTEX_POINT('',#3554);
#798=VERTEX_POINT('',#3556);
#799=VERTEX_POINT('',#3562);
#800=VERTEX_POINT('',#3564);
#801=VERTEX_POINT('',#3570);
#802=VERTEX_POINT('',#3572);
#803=VERTEX_POINT('',#3575);
#804=VERTEX_POINT('',#3577);
#805=VERTEX_POINT('',#3583);
#806=VERTEX_POINT('',#3585);
#807=VERTEX_POINT('',#3591);
#808=VERTEX_POINT('',#3593);
#809=VERTEX_POINT('',#3599);
#810=VERTEX_POINT('',#3601);
#811=VERTEX_POINT('',#3604);
#812=VERTEX_POINT('',#3606);
#813=VERTEX_POINT('',#3612);
#814=VERTEX_POINT('',#3614);
#815=VERTEX_POINT('',#3620);
#816=VERTEX_POINT('',#3622);
#817=VERTEX_POINT('',#3628);
#818=VERTEX_POINT('',#3630);
#819=VERTEX_POINT('',#3633);
#820=VERTEX_POINT('',#3635);
#821=VERTEX_POINT('',#3641);
#822=VERTEX_POINT('',#3643);
#823=VERTEX_POINT('',#3646);
#824=VERTEX_POINT('',#3648);
#825=VERTEX_POINT('',#3654);
#826=VERTEX_POINT('',#3656);
#827=VERTEX_POINT('',#3662);
#828=VERTEX_POINT('',#3664);
#829=VERTEX_POINT('',#3670);
#830=VERTEX_POINT('',#3672);
#831=VERTEX_POINT('',#3675);
#832=VERTEX_POINT('',#3677);
#833=VERTEX_POINT('',#3683);
#834=VERTEX_POINT('',#3685);
#835=VERTEX_POINT('',#3691);
#836=VERTEX_POINT('',#3693);
#837=VERTEX_POINT('',#3699);
#838=VERTEX_POINT('',#3701);
#839=VERTEX_POINT('',#3704);
#840=VERTEX_POINT('',#3706);
#841=VERTEX_POINT('',#3712);
#842=VERTEX_POINT('',#3714);
#843=VERTEX_POINT('',#3720);
#844=VERTEX_POINT('',#3722);
#845=VERTEX_POINT('',#3728);
#846=VERTEX_POINT('',#3730);
#847=VERTEX_POINT('',#3736);
#848=VERTEX_POINT('',#3738);
#849=VERTEX_POINT('',#3741);
#850=VERTEX_POINT('',#3743);
#851=VERTEX_POINT('',#3749);
#852=VERTEX_POINT('',#3751);
#853=VERTEX_POINT('',#3757);
#854=VERTEX_POINT('',#3759);
#855=VERTEX_POINT('',#3765);
#856=VERTEX_POINT('',#3767);
#857=VERTEX_POINT('',#3773);
#858=VERTEX_POINT('',#3775);
#859=VERTEX_POINT('',#3778);
#860=VERTEX_POINT('',#3780);
#861=VERTEX_POINT('',#3786);
#862=VERTEX_POINT('',#3788);
#863=VERTEX_POINT('',#3794);
#864=VERTEX_POINT('',#3796);
#865=VERTEX_POINT('',#3802);
#866=VERTEX_POINT('',#3804);
#867=VERTEX_POINT('',#3810);
#868=VERTEX_POINT('',#3812);
#869=VERTEX_POINT('',#3815);
#870=VERTEX_POINT('',#3817);
#871=VERTEX_POINT('',#3823);
#872=VERTEX_POINT('',#3825);
#873=VERTEX_POINT('',#3831);
#874=VERTEX_POINT('',#3833);
#875=CIRCLE('',#2278,0.0009);
#876=CIRCLE('',#2279,0.0009);
#877=CIRCLE('',#2281,0.00175);
#878=CIRCLE('',#2282,0.00175);
#879=CIRCLE('',#2287,0.0009);
#880=CIRCLE('',#2288,0.0009);
#881=CIRCLE('',#2293,0.0009);
#882=CIRCLE('',#2294,0.0009);
#883=CIRCLE('',#2296,0.00175);
#884=CIRCLE('',#2297,0.00175);
#885=CIRCLE('',#2302,0.0009);
#886=CIRCLE('',#2303,0.0009);
#887=CIRCLE('',#2305,0.00175);
#888=CIRCLE('',#2306,0.00175);
#889=CIRCLE('',#2311,0.000900000000000012);
#890=CIRCLE('',#2312,0.000900000000000012);
#891=CIRCLE('',#2314,0.00175);
#892=CIRCLE('',#2315,0.00175);
#893=CIRCLE('',#2329,0.0025);
#894=CIRCLE('',#2330,0.0025);
#895=CIRCLE('',#2332,0.0025);
#896=CIRCLE('',#2333,0.0025);
#897=CIRCLE('',#2335,0.0025);
#898=CIRCLE('',#2336,0.0025);
#899=CIRCLE('',#2338,0.0025);
#900=CIRCLE('',#2339,0.0025);
#901=CIRCLE('',#2341,0.0025);
#902=CIRCLE('',#2342,0.0025);
#903=CIRCLE('',#2344,0.0025);
#904=CIRCLE('',#2345,0.0025);
#905=CIRCLE('',#2347,0.0025);
#906=CIRCLE('',#2348,0.0025);
#907=CIRCLE('',#2350,0.00175);
#908=CIRCLE('',#2351,0.00175);
#909=CIRCLE('',#2353,0.00175);
#910=CIRCLE('',#2354,0.00175);
#911=CIRCLE('',#2356,0.00175);
#912=CIRCLE('',#2357,0.00175);
#913=CIRCLE('',#2359,0.00175);
#914=CIRCLE('',#2360,0.00175);
#915=CIRCLE('',#2362,0.00175);
#916=CIRCLE('',#2363,0.00175);
#917=CIRCLE('',#2365,0.00175);
#918=CIRCLE('',#2366,0.00175);
#919=CIRCLE('',#2368,0.00175);
#920=CIRCLE('',#2369,0.00175);
#921=CIRCLE('',#2371,0.00175);
#922=CIRCLE('',#2372,0.00175);
#923=CIRCLE('',#2374,0.0025);
#924=CIRCLE('',#2375,0.0025);
#925=CIRCLE('',#2380,0.0025);
#926=CIRCLE('',#2381,0.0025);
#927=CIRCLE('',#2386,0.0009);
#928=CIRCLE('',#2387,0.0009);
#929=CIRCLE('',#2389,0.00175);
#930=CIRCLE('',#2390,0.00175);
#931=CIRCLE('',#2395,0.0025);
#932=CIRCLE('',#2396,0.0025);
#933=CIRCLE('',#2401,0.0009);
#934=CIRCLE('',#2402,0.0009);
#935=CIRCLE('',#2404,0.00175);
#936=CIRCLE('',#2405,0.00175);
#937=CIRCLE('',#2410,0.0025);
#938=CIRCLE('',#2411,0.0025);
#939=CIRCLE('',#2416,0.0025);
#940=CIRCLE('',#2417,0.0025);
#941=CIRCLE('',#2422,0.0009);
#942=CIRCLE('',#2423,0.0009);
#943=CIRCLE('',#2425,0.00175);
#944=CIRCLE('',#2426,0.00175);
#945=CIRCLE('',#2431,0.0025);
#946=CIRCLE('',#2432,0.0025);
#947=CIRCLE('',#2437,0.0025);
#948=CIRCLE('',#2438,0.0025);
#949=CIRCLE('',#2443,0.0009);
#950=CIRCLE('',#2444,0.0009);
#951=CIRCLE('',#2446,0.00175);
#952=CIRCLE('',#2447,0.00175);
#953=CIRCLE('',#2452,0.0025);
#954=CIRCLE('',#2453,0.0025);
#955=CIRCLE('',#2458,0.0025);
#956=CIRCLE('',#2459,0.0025);
#957=CIRCLE('',#2464,0.0009);
#958=CIRCLE('',#2465,0.0009);
#959=CIRCLE('',#2467,0.00175);
#960=CIRCLE('',#2468,0.00175);
#961=CIRCLE('',#2473,0.0009);
#962=CIRCLE('',#2474,0.0009);
#963=CIRCLE('',#2476,0.00175);
#964=CIRCLE('',#2477,0.00175);
#965=CIRCLE('',#2482,0.0009);
#966=CIRCLE('',#2483,0.0009);
#967=CIRCLE('',#2488,0.00175);
#968=CIRCLE('',#2489,0.00175);
#969=CIRCLE('',#2494,0.000900000000000012);
#970=CIRCLE('',#2495,0.000900000000000012);
#971=CIRCLE('',#2497,0.00175);
#972=CIRCLE('',#2498,0.00175);
#973=CIRCLE('',#2503,0.0009);
#974=CIRCLE('',#2504,0.0009);
#975=CIRCLE('',#2509,0.0025);
#976=CIRCLE('',#2510,0.0025);
#977=CIRCLE('',#2515,0.0009);
#978=CIRCLE('',#2516,0.0009);
#979=CIRCLE('',#2518,0.00175);
#980=CIRCLE('',#2519,0.00175);
#981=CIRCLE('',#2524,0.0025);
#982=CIRCLE('',#2525,0.0025);
#983=CIRCLE('',#2530,0.0009);
#984=CIRCLE('',#2531,0.0009);
#985=CIRCLE('',#2536,0.0025);
#986=CIRCLE('',#2537,0.0025);
#987=CIRCLE('',#2542,0.0009);
#988=CIRCLE('',#2543,0.0009);
#989=CIRCLE('',#2545,0.00175);
#990=CIRCLE('',#2546,0.00175);
#991=CIRCLE('',#2551,0.0025);
#992=CIRCLE('',#2552,0.0025);
#993=CIRCLE('',#2557,0.000900000000000012);
#994=CIRCLE('',#2558,0.000900000000000012);
#995=CIRCLE('',#2563,0.0025);
#996=CIRCLE('',#2564,0.0025);
#997=CIRCLE('',#2569,0.0009);
#998=CIRCLE('',#2570,0.0009);
#999=CIRCLE('',#2572,0.00175);
#1000=CIRCLE('',#2573,0.00175);
#1001=CIRCLE('',#2578,0.0025);
#1002=CIRCLE('',#2579,0.0025);
#1003=CIRCLE('',#2584,0.0009);
#1004=CIRCLE('',#2585,0.0009);
#1005=CIRCLE('',#2590,0.0025);
#1006=CIRCLE('',#2591,0.0025);
#1007=CIRCLE('',#2596,0.0009);
#1008=CIRCLE('',#2597,0.0009);
#1009=CIRCLE('',#2599,0.00175);
#1010=CIRCLE('',#2600,0.00175);
#1011=CIRCLE('',#2605,0.0025);
#1012=CIRCLE('',#2606,0.0025);
#1013=CIRCLE('',#2611,0.0009);
#1014=CIRCLE('',#2612,0.0009);
#1015=EDGE_LOOP('',(#227));
#1016=EDGE_LOOP('',(#228));
#1017=EDGE_LOOP('',(#229));
#1018=EDGE_LOOP('',(#230));
#1019=EDGE_LOOP('',(#231));
#1020=EDGE_LOOP('',(#232));
#1021=EDGE_LOOP('',(#233));
#1022=EDGE_LOOP('',(#234));
#1023=EDGE_LOOP('',(#235));
#1024=EDGE_LOOP('',(#236));
#1025=EDGE_LOOP('',(#237));
#1026=EDGE_LOOP('',(#238));
#1027=EDGE_LOOP('',(#239));
#1028=EDGE_LOOP('',(#240));
#1029=EDGE_LOOP('',(#241));
#1030=EDGE_LOOP('',(#242));
#1031=EDGE_LOOP('',(#243));
#1032=EDGE_LOOP('',(#244));
#1033=EDGE_LOOP('',(#245));
#1034=EDGE_LOOP('',(#246));
#1035=EDGE_LOOP('',(#247));
#1036=EDGE_LOOP('',(#248));
#1037=EDGE_LOOP('',(#249));
#1038=EDGE_LOOP('',(#250));
#1039=EDGE_LOOP('',(#251));
#1040=EDGE_LOOP('',(#252));
#1041=EDGE_LOOP('',(#253));
#1042=EDGE_LOOP('',(#254));
#1043=EDGE_LOOP('',(#255));
#1044=EDGE_LOOP('',(#256));
#1045=EDGE_LOOP('',(#257));
#1046=EDGE_LOOP('',(#258));
#1047=EDGE_LOOP('',(#259));
#1048=EDGE_LOOP('',(#260));
#1049=EDGE_LOOP('',(#261));
#1050=EDGE_LOOP('',(#262));
#1051=EDGE_LOOP('',(#263,#264,#265,#266));
#1052=EDGE_LOOP('',(#267,#268,#269,#270));
#1053=EDGE_LOOP('',(#271,#272,#273,#274));
#1054=EDGE_LOOP('',(#275,#276,#277,#278));
#1055=EDGE_LOOP('',(#279,#280,#281,#282));
#1056=EDGE_LOOP('',(#283,#284,#285,#286));
#1057=EDGE_LOOP('',(#287,#288,#289,#290));
#1058=EDGE_LOOP('',(#291,#292,#293,#294));
#1059=EDGE_LOOP('',(#295,#296,#297,#298));
#1060=EDGE_LOOP('',(#299,#300,#301,#302));
#1061=EDGE_LOOP('',(#303));
#1062=EDGE_LOOP('',(#304));
#1063=EDGE_LOOP('',(#305));
#1064=EDGE_LOOP('',(#306));
#1065=EDGE_LOOP('',(#307));
#1066=EDGE_LOOP('',(#308));
#1067=EDGE_LOOP('',(#309));
#1068=EDGE_LOOP('',(#310));
#1069=EDGE_LOOP('',(#311));
#1070=EDGE_LOOP('',(#312));
#1071=EDGE_LOOP('',(#313));
#1072=EDGE_LOOP('',(#314));
#1073=EDGE_LOOP('',(#315));
#1074=EDGE_LOOP('',(#316));
#1075=EDGE_LOOP('',(#317));
#1076=EDGE_LOOP('',(#318));
#1077=EDGE_LOOP('',(#319));
#1078=EDGE_LOOP('',(#320));
#1079=EDGE_LOOP('',(#321));
#1080=EDGE_LOOP('',(#322));
#1081=EDGE_LOOP('',(#323));
#1082=EDGE_LOOP('',(#324));
#1083=EDGE_LOOP('',(#325));
#1084=EDGE_LOOP('',(#326));
#1085=EDGE_LOOP('',(#327));
#1086=EDGE_LOOP('',(#328));
#1087=EDGE_LOOP('',(#329));
#1088=EDGE_LOOP('',(#330));
#1089=EDGE_LOOP('',(#331));
#1090=EDGE_LOOP('',(#332));
#1091=EDGE_LOOP('',(#333));
#1092=EDGE_LOOP('',(#334));
#1093=EDGE_LOOP('',(#335,#336,#337,#338));
#1094=EDGE_LOOP('',(#339));
#1095=EDGE_LOOP('',(#340));
#1096=EDGE_LOOP('',(#341));
#1097=EDGE_LOOP('',(#342));
#1098=EDGE_LOOP('',(#343));
#1099=EDGE_LOOP('',(#344));
#1100=EDGE_LOOP('',(#345));
#1101=EDGE_LOOP('',(#346));
#1102=EDGE_LOOP('',(#347));
#1103=EDGE_LOOP('',(#348));
#1104=EDGE_LOOP('',(#349));
#1105=EDGE_LOOP('',(#350));
#1106=EDGE_LOOP('',(#351));
#1107=EDGE_LOOP('',(#352));
#1108=EDGE_LOOP('',(#353));
#1109=EDGE_LOOP('',(#354));
#1110=EDGE_LOOP('',(#355,#356,#357,#358));
#1111=EDGE_LOOP('',(#359));
#1112=EDGE_LOOP('',(#360));
#1113=EDGE_LOOP('',(#361));
#1114=EDGE_LOOP('',(#362));
#1115=EDGE_LOOP('',(#363));
#1116=EDGE_LOOP('',(#364));
#1117=EDGE_LOOP('',(#365));
#1118=EDGE_LOOP('',(#366));
#1119=EDGE_LOOP('',(#367));
#1120=EDGE_LOOP('',(#368));
#1121=EDGE_LOOP('',(#369));
#1122=EDGE_LOOP('',(#370));
#1123=EDGE_LOOP('',(#371));
#1124=EDGE_LOOP('',(#372));
#1125=EDGE_LOOP('',(#373));
#1126=EDGE_LOOP('',(#374));
#1127=EDGE_LOOP('',(#375));
#1128=EDGE_LOOP('',(#376));
#1129=EDGE_LOOP('',(#377));
#1130=EDGE_LOOP('',(#378));
#1131=EDGE_LOOP('',(#379));
#1132=EDGE_LOOP('',(#380));
#1133=EDGE_LOOP('',(#381));
#1134=EDGE_LOOP('',(#382));
#1135=EDGE_LOOP('',(#383));
#1136=EDGE_LOOP('',(#384));
#1137=EDGE_LOOP('',(#385));
#1138=EDGE_LOOP('',(#386));
#1139=EDGE_LOOP('',(#387));
#1140=EDGE_LOOP('',(#388));
#1141=EDGE_LOOP('',(#389));
#1142=EDGE_LOOP('',(#390));
#1143=EDGE_LOOP('',(#391));
#1144=EDGE_LOOP('',(#392));
#1145=EDGE_LOOP('',(#393));
#1146=EDGE_LOOP('',(#394));
#1147=EDGE_LOOP('',(#395));
#1148=EDGE_LOOP('',(#396));
#1149=EDGE_LOOP('',(#397));
#1150=EDGE_LOOP('',(#398));
#1151=EDGE_LOOP('',(#399));
#1152=EDGE_LOOP('',(#400));
#1153=EDGE_LOOP('',(#401));
#1154=EDGE_LOOP('',(#402));
#1155=EDGE_LOOP('',(#403));
#1156=EDGE_LOOP('',(#404));
#1157=EDGE_LOOP('',(#405));
#1158=EDGE_LOOP('',(#406));
#1159=EDGE_LOOP('',(#407));
#1160=EDGE_LOOP('',(#408));
#1161=EDGE_LOOP('',(#409));
#1162=EDGE_LOOP('',(#410));
#1163=EDGE_LOOP('',(#411));
#1164=EDGE_LOOP('',(#412));
#1165=EDGE_LOOP('',(#413));
#1166=EDGE_LOOP('',(#414));
#1167=EDGE_LOOP('',(#415));
#1168=EDGE_LOOP('',(#416));
#1169=EDGE_LOOP('',(#417));
#1170=EDGE_LOOP('',(#418));
#1171=EDGE_LOOP('',(#419));
#1172=EDGE_LOOP('',(#420));
#1173=EDGE_LOOP('',(#421));
#1174=EDGE_LOOP('',(#422));
#1175=EDGE_LOOP('',(#423));
#1176=EDGE_LOOP('',(#424));
#1177=EDGE_LOOP('',(#425));
#1178=EDGE_LOOP('',(#426));
#1179=EDGE_LOOP('',(#427));
#1180=EDGE_LOOP('',(#428));
#1181=EDGE_LOOP('',(#429));
#1182=EDGE_LOOP('',(#430));
#1183=EDGE_LOOP('',(#431));
#1184=EDGE_LOOP('',(#432));
#1185=EDGE_LOOP('',(#433));
#1186=EDGE_LOOP('',(#434));
#1187=EDGE_LOOP('',(#435));
#1188=EDGE_LOOP('',(#436));
#1189=EDGE_LOOP('',(#437));
#1190=EDGE_LOOP('',(#438));
#1191=EDGE_LOOP('',(#439));
#1192=EDGE_LOOP('',(#440));
#1193=EDGE_LOOP('',(#441));
#1194=EDGE_LOOP('',(#442));
#1195=EDGE_LOOP('',(#443));
#1196=EDGE_LOOP('',(#444));
#1197=EDGE_LOOP('',(#445));
#1198=EDGE_LOOP('',(#446));
#1199=EDGE_LOOP('',(#447));
#1200=EDGE_LOOP('',(#448));
#1201=EDGE_LOOP('',(#449));
#1202=EDGE_LOOP('',(#450));
#1203=EDGE_LOOP('',(#451));
#1204=EDGE_LOOP('',(#452));
#1205=EDGE_LOOP('',(#453));
#1206=EDGE_LOOP('',(#454));
#1207=EDGE_LOOP('',(#455));
#1208=EDGE_LOOP('',(#456));
#1209=EDGE_LOOP('',(#457));
#1210=EDGE_LOOP('',(#458));
#1211=EDGE_LOOP('',(#459));
#1212=EDGE_LOOP('',(#460));
#1213=EDGE_LOOP('',(#461));
#1214=EDGE_LOOP('',(#462));
#1215=EDGE_LOOP('',(#463));
#1216=EDGE_LOOP('',(#464));
#1217=EDGE_LOOP('',(#465));
#1218=EDGE_LOOP('',(#466));
#1219=EDGE_LOOP('',(#467));
#1220=EDGE_LOOP('',(#468));
#1221=EDGE_LOOP('',(#469));
#1222=EDGE_LOOP('',(#470));
#1223=EDGE_LOOP('',(#471));
#1224=EDGE_LOOP('',(#472));
#1225=EDGE_LOOP('',(#473));
#1226=EDGE_LOOP('',(#474));
#1227=EDGE_LOOP('',(#475));
#1228=EDGE_LOOP('',(#476));
#1229=EDGE_LOOP('',(#477));
#1230=EDGE_LOOP('',(#478));
#1231=EDGE_LOOP('',(#479));
#1232=EDGE_LOOP('',(#480));
#1233=EDGE_LOOP('',(#481));
#1234=EDGE_LOOP('',(#482));
#1235=EDGE_LOOP('',(#483));
#1236=EDGE_LOOP('',(#484));
#1237=EDGE_LOOP('',(#485));
#1238=EDGE_LOOP('',(#486));
#1239=EDGE_LOOP('',(#487));
#1240=EDGE_LOOP('',(#488));
#1241=EDGE_LOOP('',(#489));
#1242=EDGE_LOOP('',(#490));
#1243=EDGE_LOOP('',(#491));
#1244=EDGE_LOOP('',(#492));
#1245=EDGE_LOOP('',(#493));
#1246=EDGE_LOOP('',(#494));
#1247=EDGE_LOOP('',(#495));
#1248=EDGE_LOOP('',(#496));
#1249=EDGE_LOOP('',(#497));
#1250=EDGE_LOOP('',(#498));
#1251=EDGE_LOOP('',(#499));
#1252=EDGE_LOOP('',(#500));
#1253=EDGE_LOOP('',(#501));
#1254=EDGE_LOOP('',(#502));
#1255=EDGE_LOOP('',(#503));
#1256=EDGE_LOOP('',(#504));
#1257=EDGE_LOOP('',(#505));
#1258=EDGE_LOOP('',(#506));
#1259=EDGE_LOOP('',(#507));
#1260=EDGE_LOOP('',(#508));
#1261=EDGE_LOOP('',(#509));
#1262=EDGE_LOOP('',(#510));
#1263=EDGE_LOOP('',(#511));
#1264=EDGE_LOOP('',(#512));
#1265=EDGE_LOOP('',(#513));
#1266=EDGE_LOOP('',(#514));
#1267=EDGE_LOOP('',(#515));
#1268=EDGE_LOOP('',(#516));
#1269=EDGE_LOOP('',(#517));
#1270=EDGE_LOOP('',(#518));
#1271=EDGE_LOOP('',(#519));
#1272=EDGE_LOOP('',(#520));
#1273=EDGE_LOOP('',(#521));
#1274=EDGE_LOOP('',(#522));
#1275=EDGE_LOOP('',(#523));
#1276=EDGE_LOOP('',(#524));
#1277=EDGE_LOOP('',(#525));
#1278=EDGE_LOOP('',(#526));
#1279=EDGE_LOOP('',(#527));
#1280=EDGE_LOOP('',(#528));
#1281=EDGE_LOOP('',(#529));
#1282=EDGE_LOOP('',(#530));
#1283=EDGE_LOOP('',(#531));
#1284=EDGE_LOOP('',(#532));
#1285=EDGE_LOOP('',(#533));
#1286=EDGE_LOOP('',(#534));
#1287=EDGE_LOOP('',(#535));
#1288=EDGE_LOOP('',(#536));
#1289=EDGE_LOOP('',(#537));
#1290=EDGE_LOOP('',(#538));
#1291=EDGE_LOOP('',(#539));
#1292=EDGE_LOOP('',(#540));
#1293=EDGE_LOOP('',(#541));
#1294=EDGE_LOOP('',(#542));
#1295=EDGE_LOOP('',(#543));
#1296=EDGE_LOOP('',(#544));
#1297=EDGE_LOOP('',(#545));
#1298=EDGE_LOOP('',(#546));
#1299=EDGE_LOOP('',(#547));
#1300=EDGE_LOOP('',(#548));
#1301=EDGE_LOOP('',(#549));
#1302=EDGE_LOOP('',(#550));
#1303=EDGE_LOOP('',(#551));
#1304=EDGE_LOOP('',(#552));
#1305=EDGE_LOOP('',(#553));
#1306=EDGE_LOOP('',(#554));
#1307=FACE_BOUND('',#1015,.T.);
#1308=FACE_BOUND('',#1016,.T.);
#1309=FACE_BOUND('',#1017,.T.);
#1310=FACE_BOUND('',#1018,.T.);
#1311=FACE_BOUND('',#1019,.T.);
#1312=FACE_BOUND('',#1020,.T.);
#1313=FACE_BOUND('',#1021,.T.);
#1314=FACE_BOUND('',#1022,.T.);
#1315=FACE_BOUND('',#1023,.T.);
#1316=FACE_BOUND('',#1024,.T.);
#1317=FACE_BOUND('',#1025,.T.);
#1318=FACE_BOUND('',#1026,.T.);
#1319=FACE_BOUND('',#1027,.T.);
#1320=FACE_BOUND('',#1028,.T.);
#1321=FACE_BOUND('',#1029,.T.);
#1322=FACE_BOUND('',#1030,.T.);
#1323=FACE_BOUND('',#1031,.T.);
#1324=FACE_BOUND('',#1032,.T.);
#1325=FACE_BOUND('',#1033,.T.);
#1326=FACE_BOUND('',#1034,.T.);
#1327=FACE_BOUND('',#1035,.T.);
#1328=FACE_BOUND('',#1036,.T.);
#1329=FACE_BOUND('',#1037,.T.);
#1330=FACE_BOUND('',#1038,.T.);
#1331=FACE_BOUND('',#1039,.T.);
#1332=FACE_BOUND('',#1040,.T.);
#1333=FACE_BOUND('',#1041,.T.);
#1334=FACE_BOUND('',#1042,.T.);
#1335=FACE_BOUND('',#1043,.T.);
#1336=FACE_BOUND('',#1044,.T.);
#1337=FACE_BOUND('',#1045,.T.);
#1338=FACE_BOUND('',#1046,.T.);
#1339=FACE_BOUND('',#1047,.T.);
#1340=FACE_BOUND('',#1048,.T.);
#1341=FACE_BOUND('',#1049,.T.);
#1342=FACE_BOUND('',#1050,.T.);
#1343=FACE_BOUND('',#1051,.T.);
#1344=FACE_BOUND('',#1052,.T.);
#1345=FACE_BOUND('',#1053,.T.);
#1346=FACE_BOUND('',#1054,.T.);
#1347=FACE_BOUND('',#1055,.T.);
#1348=FACE_BOUND('',#1056,.T.);
#1349=FACE_BOUND('',#1057,.T.);
#1350=FACE_BOUND('',#1058,.T.);
#1351=FACE_BOUND('',#1059,.T.);
#1352=FACE_BOUND('',#1060,.T.);
#1353=FACE_BOUND('',#1061,.T.);
#1354=FACE_BOUND('',#1062,.T.);
#1355=FACE_BOUND('',#1063,.T.);
#1356=FACE_BOUND('',#1064,.T.);
#1357=FACE_BOUND('',#1065,.T.);
#1358=FACE_BOUND('',#1066,.T.);
#1359=FACE_BOUND('',#1067,.T.);
#1360=FACE_BOUND('',#1068,.T.);
#1361=FACE_BOUND('',#1069,.T.);
#1362=FACE_BOUND('',#1070,.T.);
#1363=FACE_BOUND('',#1071,.T.);
#1364=FACE_BOUND('',#1072,.T.);
#1365=FACE_BOUND('',#1073,.T.);
#1366=FACE_BOUND('',#1074,.T.);
#1367=FACE_BOUND('',#1075,.T.);
#1368=FACE_BOUND('',#1076,.T.);
#1369=FACE_BOUND('',#1077,.T.);
#1370=FACE_BOUND('',#1078,.T.);
#1371=FACE_BOUND('',#1079,.T.);
#1372=FACE_BOUND('',#1080,.T.);
#1373=FACE_BOUND('',#1081,.T.);
#1374=FACE_BOUND('',#1082,.T.);
#1375=FACE_BOUND('',#1083,.T.);
#1376=FACE_BOUND('',#1084,.T.);
#1377=FACE_BOUND('',#1085,.T.);
#1378=FACE_BOUND('',#1086,.T.);
#1379=FACE_BOUND('',#1087,.T.);
#1380=FACE_BOUND('',#1088,.T.);
#1381=FACE_BOUND('',#1089,.T.);
#1382=FACE_BOUND('',#1090,.T.);
#1383=FACE_BOUND('',#1091,.T.);
#1384=FACE_BOUND('',#1092,.T.);
#1385=FACE_BOUND('',#1093,.T.);
#1386=FACE_BOUND('',#1094,.T.);
#1387=FACE_BOUND('',#1095,.T.);
#1388=FACE_BOUND('',#1096,.T.);
#1389=FACE_BOUND('',#1097,.T.);
#1390=FACE_BOUND('',#1098,.T.);
#1391=FACE_BOUND('',#1099,.T.);
#1392=FACE_BOUND('',#1100,.T.);
#1393=FACE_BOUND('',#1101,.T.);
#1394=FACE_BOUND('',#1102,.T.);
#1395=FACE_BOUND('',#1103,.T.);
#1396=FACE_BOUND('',#1104,.T.);
#1397=FACE_BOUND('',#1105,.T.);
#1398=FACE_BOUND('',#1106,.T.);
#1399=FACE_BOUND('',#1107,.T.);
#1400=FACE_BOUND('',#1108,.T.);
#1401=FACE_BOUND('',#1109,.T.);
#1402=FACE_BOUND('',#1110,.T.);
#1403=FACE_BOUND('',#1111,.T.);
#1404=FACE_BOUND('',#1112,.T.);
#1405=FACE_BOUND('',#1113,.T.);
#1406=FACE_BOUND('',#1114,.T.);
#1407=FACE_BOUND('',#1115,.T.);
#1408=FACE_BOUND('',#1116,.T.);
#1409=FACE_BOUND('',#1117,.T.);
#1410=FACE_BOUND('',#1118,.T.);
#1411=FACE_BOUND('',#1119,.T.);
#1412=FACE_BOUND('',#1120,.T.);
#1413=FACE_BOUND('',#1121,.T.);
#1414=FACE_BOUND('',#1122,.T.);
#1415=FACE_BOUND('',#1123,.T.);
#1416=FACE_BOUND('',#1124,.T.);
#1417=FACE_BOUND('',#1125,.T.);
#1418=FACE_BOUND('',#1126,.T.);
#1419=FACE_BOUND('',#1127,.T.);
#1420=FACE_BOUND('',#1128,.T.);
#1421=FACE_BOUND('',#1129,.T.);
#1422=FACE_BOUND('',#1130,.T.);
#1423=FACE_BOUND('',#1131,.T.);
#1424=FACE_BOUND('',#1132,.T.);
#1425=FACE_BOUND('',#1133,.T.);
#1426=FACE_BOUND('',#1134,.T.);
#1427=FACE_BOUND('',#1135,.T.);
#1428=FACE_BOUND('',#1136,.T.);
#1429=FACE_BOUND('',#1137,.T.);
#1430=FACE_BOUND('',#1138,.T.);
#1431=FACE_BOUND('',#1139,.T.);
#1432=FACE_BOUND('',#1140,.T.);
#1433=FACE_BOUND('',#1141,.T.);
#1434=FACE_BOUND('',#1142,.T.);
#1435=FACE_BOUND('',#1143,.T.);
#1436=FACE_BOUND('',#1144,.T.);
#1437=FACE_BOUND('',#1145,.T.);
#1438=FACE_BOUND('',#1146,.T.);
#1439=FACE_BOUND('',#1147,.T.);
#1440=FACE_BOUND('',#1148,.T.);
#1441=FACE_BOUND('',#1149,.T.);
#1442=FACE_BOUND('',#1150,.T.);
#1443=FACE_BOUND('',#1151,.T.);
#1444=FACE_BOUND('',#1152,.T.);
#1445=FACE_BOUND('',#1153,.T.);
#1446=FACE_BOUND('',#1154,.T.);
#1447=FACE_BOUND('',#1155,.T.);
#1448=FACE_BOUND('',#1156,.T.);
#1449=FACE_BOUND('',#1157,.T.);
#1450=FACE_BOUND('',#1158,.T.);
#1451=FACE_BOUND('',#1159,.T.);
#1452=FACE_BOUND('',#1160,.T.);
#1453=FACE_BOUND('',#1161,.T.);
#1454=FACE_BOUND('',#1162,.T.);
#1455=FACE_BOUND('',#1163,.T.);
#1456=FACE_BOUND('',#1164,.T.);
#1457=FACE_BOUND('',#1165,.T.);
#1458=FACE_BOUND('',#1166,.T.);
#1459=FACE_BOUND('',#1167,.T.);
#1460=FACE_BOUND('',#1168,.T.);
#1461=FACE_BOUND('',#1169,.T.);
#1462=FACE_BOUND('',#1170,.T.);
#1463=FACE_BOUND('',#1171,.T.);
#1464=FACE_BOUND('',#1172,.T.);
#1465=FACE_BOUND('',#1173,.T.);
#1466=FACE_BOUND('',#1174,.T.);
#1467=FACE_BOUND('',#1175,.T.);
#1468=FACE_BOUND('',#1176,.T.);
#1469=FACE_BOUND('',#1177,.T.);
#1470=FACE_BOUND('',#1178,.T.);
#1471=FACE_BOUND('',#1179,.T.);
#1472=FACE_BOUND('',#1180,.T.);
#1473=FACE_BOUND('',#1181,.T.);
#1474=FACE_BOUND('',#1182,.T.);
#1475=FACE_BOUND('',#1183,.T.);
#1476=FACE_BOUND('',#1184,.T.);
#1477=FACE_BOUND('',#1185,.T.);
#1478=FACE_BOUND('',#1186,.T.);
#1479=FACE_BOUND('',#1187,.T.);
#1480=FACE_BOUND('',#1188,.T.);
#1481=FACE_BOUND('',#1189,.T.);
#1482=FACE_BOUND('',#1190,.T.);
#1483=FACE_BOUND('',#1191,.T.);
#1484=FACE_BOUND('',#1192,.T.);
#1485=FACE_BOUND('',#1193,.T.);
#1486=FACE_BOUND('',#1194,.T.);
#1487=FACE_BOUND('',#1195,.T.);
#1488=FACE_BOUND('',#1196,.T.);
#1489=FACE_BOUND('',#1197,.T.);
#1490=FACE_BOUND('',#1198,.T.);
#1491=FACE_BOUND('',#1199,.T.);
#1492=FACE_BOUND('',#1200,.T.);
#1493=FACE_BOUND('',#1201,.T.);
#1494=FACE_BOUND('',#1202,.T.);
#1495=FACE_BOUND('',#1203,.T.);
#1496=FACE_BOUND('',#1204,.T.);
#1497=FACE_BOUND('',#1205,.T.);
#1498=FACE_BOUND('',#1206,.T.);
#1499=FACE_BOUND('',#1207,.T.);
#1500=FACE_BOUND('',#1208,.T.);
#1501=FACE_BOUND('',#1209,.T.);
#1502=FACE_BOUND('',#1210,.T.);
#1503=FACE_BOUND('',#1211,.T.);
#1504=FACE_BOUND('',#1212,.T.);
#1505=FACE_BOUND('',#1213,.T.);
#1506=FACE_BOUND('',#1214,.T.);
#1507=FACE_BOUND('',#1215,.T.);
#1508=FACE_BOUND('',#1216,.T.);
#1509=FACE_BOUND('',#1217,.T.);
#1510=FACE_BOUND('',#1218,.T.);
#1511=FACE_BOUND('',#1219,.T.);
#1512=FACE_BOUND('',#1220,.T.);
#1513=FACE_BOUND('',#1221,.T.);
#1514=FACE_BOUND('',#1222,.T.);
#1515=FACE_BOUND('',#1223,.T.);
#1516=FACE_BOUND('',#1224,.T.);
#1517=FACE_BOUND('',#1225,.T.);
#1518=FACE_BOUND('',#1226,.T.);
#1519=FACE_BOUND('',#1227,.T.);
#1520=FACE_BOUND('',#1228,.T.);
#1521=FACE_BOUND('',#1229,.T.);
#1522=FACE_BOUND('',#1230,.T.);
#1523=FACE_BOUND('',#1231,.T.);
#1524=FACE_BOUND('',#1232,.T.);
#1525=FACE_BOUND('',#1233,.T.);
#1526=FACE_BOUND('',#1234,.T.);
#1527=FACE_BOUND('',#1235,.T.);
#1528=FACE_BOUND('',#1236,.T.);
#1529=FACE_BOUND('',#1237,.T.);
#1530=FACE_BOUND('',#1238,.T.);
#1531=FACE_BOUND('',#1239,.T.);
#1532=FACE_BOUND('',#1240,.T.);
#1533=FACE_BOUND('',#1241,.T.);
#1534=FACE_BOUND('',#1242,.T.);
#1535=FACE_BOUND('',#1243,.T.);
#1536=FACE_BOUND('',#1244,.T.);
#1537=FACE_BOUND('',#1245,.T.);
#1538=FACE_BOUND('',#1246,.T.);
#1539=FACE_BOUND('',#1247,.T.);
#1540=FACE_BOUND('',#1248,.T.);
#1541=FACE_BOUND('',#1249,.T.);
#1542=FACE_BOUND('',#1250,.T.);
#1543=FACE_BOUND('',#1251,.T.);
#1544=FACE_BOUND('',#1252,.T.);
#1545=FACE_BOUND('',#1253,.T.);
#1546=FACE_BOUND('',#1254,.T.);
#1547=FACE_BOUND('',#1255,.T.);
#1548=FACE_BOUND('',#1256,.T.);
#1549=FACE_BOUND('',#1257,.T.);
#1550=FACE_BOUND('',#1258,.T.);
#1551=FACE_BOUND('',#1259,.T.);
#1552=FACE_BOUND('',#1260,.T.);
#1553=FACE_BOUND('',#1261,.T.);
#1554=FACE_BOUND('',#1262,.T.);
#1555=FACE_BOUND('',#1263,.T.);
#1556=FACE_BOUND('',#1264,.T.);
#1557=FACE_BOUND('',#1265,.T.);
#1558=FACE_BOUND('',#1266,.T.);
#1559=FACE_BOUND('',#1267,.T.);
#1560=FACE_BOUND('',#1268,.T.);
#1561=FACE_BOUND('',#1269,.T.);
#1562=FACE_BOUND('',#1270,.T.);
#1563=FACE_BOUND('',#1271,.T.);
#1564=FACE_BOUND('',#1272,.T.);
#1565=FACE_BOUND('',#1273,.T.);
#1566=FACE_BOUND('',#1274,.T.);
#1567=FACE_BOUND('',#1275,.T.);
#1568=FACE_BOUND('',#1276,.T.);
#1569=FACE_BOUND('',#1277,.T.);
#1570=FACE_BOUND('',#1278,.T.);
#1571=FACE_BOUND('',#1279,.T.);
#1572=FACE_BOUND('',#1280,.T.);
#1573=FACE_BOUND('',#1281,.T.);
#1574=FACE_BOUND('',#1282,.T.);
#1575=FACE_BOUND('',#1283,.T.);
#1576=FACE_BOUND('',#1284,.T.);
#1577=FACE_BOUND('',#1285,.T.);
#1578=FACE_BOUND('',#1286,.T.);
#1579=FACE_BOUND('',#1287,.T.);
#1580=FACE_BOUND('',#1288,.T.);
#1581=FACE_BOUND('',#1289,.T.);
#1582=FACE_BOUND('',#1290,.T.);
#1583=FACE_BOUND('',#1291,.T.);
#1584=FACE_BOUND('',#1292,.T.);
#1585=FACE_BOUND('',#1293,.T.);
#1586=FACE_BOUND('',#1294,.T.);
#1587=FACE_BOUND('',#1295,.T.);
#1588=FACE_BOUND('',#1296,.T.);
#1589=FACE_BOUND('',#1297,.T.);
#1590=FACE_BOUND('',#1298,.T.);
#1591=FACE_BOUND('',#1299,.T.);
#1592=FACE_BOUND('',#1300,.T.);
#1593=FACE_BOUND('',#1301,.T.);
#1594=FACE_BOUND('',#1302,.T.);
#1595=FACE_BOUND('',#1303,.T.);
#1596=FACE_BOUND('',#1304,.T.);
#1597=FACE_BOUND('',#1305,.T.);
#1598=FACE_BOUND('',#1306,.T.);
#1599=CYLINDRICAL_SURFACE('',#2277,0.0009);
#1600=CYLINDRICAL_SURFACE('',#2280,0.00175);
#1601=CYLINDRICAL_SURFACE('',#2286,0.0009);
#1602=CYLINDRICAL_SURFACE('',#2292,0.0009);
#1603=CYLINDRICAL_SURFACE('',#2295,0.00175);
#1604=CYLINDRICAL_SURFACE('',#2301,0.0009);
#1605=CYLINDRICAL_SURFACE('',#2304,0.00175);
#1606=CYLINDRICAL_SURFACE('',#2310,0.000900000000000012);
#1607=CYLINDRICAL_SURFACE('',#2313,0.00175);
#1608=CYLINDRICAL_SURFACE('',#2328,0.0025);
#1609=CYLINDRICAL_SURFACE('',#2331,0.0025);
#1610=CYLINDRICAL_SURFACE('',#2334,0.0025);
#1611=CYLINDRICAL_SURFACE('',#2337,0.0025);
#1612=CYLINDRICAL_SURFACE('',#2340,0.0025);
#1613=CYLINDRICAL_SURFACE('',#2343,0.0025);
#1614=CYLINDRICAL_SURFACE('',#2346,0.0025);
#1615=CYLINDRICAL_SURFACE('',#2349,0.00175);
#1616=CYLINDRICAL_SURFACE('',#2352,0.00175);
#1617=CYLINDRICAL_SURFACE('',#2355,0.00175);
#1618=CYLINDRICAL_SURFACE('',#2358,0.00175);
#1619=CYLINDRICAL_SURFACE('',#2361,0.00175);
#1620=CYLINDRICAL_SURFACE('',#2364,0.00175);
#1621=CYLINDRICAL_SURFACE('',#2367,0.00175);
#1622=CYLINDRICAL_SURFACE('',#2370,0.00175);
#1623=CYLINDRICAL_SURFACE('',#2373,0.0025);
#1624=CYLINDRICAL_SURFACE('',#2379,0.0025);
#1625=CYLINDRICAL_SURFACE('',#2385,0.0009);
#1626=CYLINDRICAL_SURFACE('',#2388,0.00175);
#1627=CYLINDRICAL_SURFACE('',#2394,0.0025);
#1628=CYLINDRICAL_SURFACE('',#2400,0.0009);
#1629=CYLINDRICAL_SURFACE('',#2403,0.00175);
#1630=CYLINDRICAL_SURFACE('',#2409,0.0025);
#1631=CYLINDRICAL_SURFACE('',#2415,0.0025);
#1632=CYLINDRICAL_SURFACE('',#2421,0.0009);
#1633=CYLINDRICAL_SURFACE('',#2424,0.00175);
#1634=CYLINDRICAL_SURFACE('',#2430,0.0025);
#1635=CYLINDRICAL_SURFACE('',#2436,0.0025);
#1636=CYLINDRICAL_SURFACE('',#2442,0.0009);
#1637=CYLINDRICAL_SURFACE('',#2445,0.00175);
#1638=CYLINDRICAL_SURFACE('',#2451,0.0025);
#1639=CYLINDRICAL_SURFACE('',#2457,0.0025);
#1640=CYLINDRICAL_SURFACE('',#2463,0.0009);
#1641=CYLINDRICAL_SURFACE('',#2466,0.00175);
#1642=CYLINDRICAL_SURFACE('',#2472,0.0009);
#1643=CYLINDRICAL_SURFACE('',#2475,0.00175);
#1644=CYLINDRICAL_SURFACE('',#2481,0.0009);
#1645=CYLINDRICAL_SURFACE('',#2487,0.00175);
#1646=CYLINDRICAL_SURFACE('',#2493,0.000900000000000012);
#1647=CYLINDRICAL_SURFACE('',#2496,0.00175);
#1648=CYLINDRICAL_SURFACE('',#2502,0.0009);
#1649=CYLINDRICAL_SURFACE('',#2508,0.0025);
#1650=CYLINDRICAL_SURFACE('',#2514,0.0009);
#1651=CYLINDRICAL_SURFACE('',#2517,0.00175);
#1652=CYLINDRICAL_SURFACE('',#2523,0.0025);
#1653=CYLINDRICAL_SURFACE('',#2529,0.0009);
#1654=CYLINDRICAL_SURFACE('',#2535,0.0025);
#1655=CYLINDRICAL_SURFACE('',#2541,0.0009);
#1656=CYLINDRICAL_SURFACE('',#2544,0.00175);
#1657=CYLINDRICAL_SURFACE('',#2550,0.0025);
#1658=CYLINDRICAL_SURFACE('',#2556,0.000900000000000012);
#1659=CYLINDRICAL_SURFACE('',#2562,0.0025);
#1660=CYLINDRICAL_SURFACE('',#2568,0.0009);
#1661=CYLINDRICAL_SURFACE('',#2571,0.00175);
#1662=CYLINDRICAL_SURFACE('',#2577,0.0025);
#1663=CYLINDRICAL_SURFACE('',#2583,0.0009);
#1664=CYLINDRICAL_SURFACE('',#2589,0.0025);
#1665=CYLINDRICAL_SURFACE('',#2595,0.0009);
#1666=CYLINDRICAL_SURFACE('',#2598,0.00175);
#1667=CYLINDRICAL_SURFACE('',#2604,0.0025);
#1668=CYLINDRICAL_SURFACE('',#2610,0.0009);
#1669=ADVANCED_FACE('',(#1307,#1308),#1599,.F.);
#1670=ADVANCED_FACE('',(#1309,#1310),#1600,.T.);
#1671=ADVANCED_FACE('',(#1311,#1312),#138,.T.);
#1672=ADVANCED_FACE('',(#1313,#1314),#139,.F.);
#1673=ADVANCED_FACE('',(#1315,#1316),#1601,.T.);
#1674=ADVANCED_FACE('',(#1317),#140,.F.);
#1675=ADVANCED_FACE('',(#1318),#141,.T.);
#1676=ADVANCED_FACE('',(#1319,#1320),#1602,.F.);
#1677=ADVANCED_FACE('',(#1321,#1322),#1603,.T.);
#1678=ADVANCED_FACE('',(#1323,#1324),#142,.F.);
#1679=ADVANCED_FACE('',(#1325,#1326),#143,.T.);
#1680=ADVANCED_FACE('',(#1327,#1328),#1604,.F.);
#1681=ADVANCED_FACE('',(#1329,#1330),#1605,.T.);
#1682=ADVANCED_FACE('',(#1331,#1332),#144,.T.);
#1683=ADVANCED_FACE('',(#1333,#1334),#145,.F.);
#1684=ADVANCED_FACE('',(#1335,#1336),#1606,.F.);
#1685=ADVANCED_FACE('',(#1337,#1338),#1607,.T.);
#1686=ADVANCED_FACE('',(#1339,#1340),#146,.F.);
#1687=ADVANCED_FACE('',(#1341,#1342),#147,.T.);
#1688=ADVANCED_FACE('',(#1343),#148,.T.);
#1689=ADVANCED_FACE('',(#1344),#149,.F.);
#1690=ADVANCED_FACE('',(#1345),#150,.F.);
#1691=ADVANCED_FACE('',(#1346),#151,.T.);
#1692=ADVANCED_FACE('',(#1347),#152,.F.);
#1693=ADVANCED_FACE('',(#1348),#153,.F.);
#1694=ADVANCED_FACE('',(#1349),#154,.T.);
#1695=ADVANCED_FACE('',(#1350),#155,.T.);
#1696=ADVANCED_FACE('',(#1351,#1352),#156,.T.);
#1697=ADVANCED_FACE('',(#1353,#1354),#1608,.F.);
#1698=ADVANCED_FACE('',(#1355,#1356),#1609,.F.);
#1699=ADVANCED_FACE('',(#1357,#1358),#1610,.F.);
#1700=ADVANCED_FACE('',(#1359,#1360),#1611,.F.);
#1701=ADVANCED_FACE('',(#1361,#1362),#1612,.F.);
#1702=ADVANCED_FACE('',(#1363,#1364),#1613,.F.);
#1703=ADVANCED_FACE('',(#1365,#1366),#1614,.F.);
#1704=ADVANCED_FACE('',(#1367,#1368),#1615,.F.);
#1705=ADVANCED_FACE('',(#1369,#1370),#1616,.F.);
#1706=ADVANCED_FACE('',(#1371,#1372),#1617,.F.);
#1707=ADVANCED_FACE('',(#1373,#1374),#1618,.F.);
#1708=ADVANCED_FACE('',(#1375,#1376),#1619,.F.);
#1709=ADVANCED_FACE('',(#1377,#1378),#1620,.F.);
#1710=ADVANCED_FACE('',(#1379,#1380),#1621,.F.);
#1711=ADVANCED_FACE('',(#1381,#1382),#1622,.F.);
#1712=ADVANCED_FACE('',(#1383,#1384),#1623,.F.);
#1713=ADVANCED_FACE('',(#1385,#1386,#1387,#1388,#1389,#1390,#1391,#1392,
#1393,#1394,#1395,#1396,#1397,#1398,#1399,#1400,#1401),#157,.F.);
#1714=ADVANCED_FACE('',(#1402,#1403,#1404,#1405,#1406,#1407,#1408,#1409,
#1410,#1411,#1412,#1413,#1414,#1415,#1416,#1417,#1418),#158,.T.);
#1715=ADVANCED_FACE('',(#1419,#1420),#1624,.T.);
#1716=ADVANCED_FACE('',(#1421),#159,.T.);
#1717=ADVANCED_FACE('',(#1422),#160,.F.);
#1718=ADVANCED_FACE('',(#1423,#1424),#1625,.F.);
#1719=ADVANCED_FACE('',(#1425,#1426),#1626,.T.);
#1720=ADVANCED_FACE('',(#1427,#1428),#161,.F.);
#1721=ADVANCED_FACE('',(#1429,#1430),#162,.T.);
#1722=ADVANCED_FACE('',(#1431,#1432),#1627,.T.);
#1723=ADVANCED_FACE('',(#1433),#163,.T.);
#1724=ADVANCED_FACE('',(#1434),#164,.F.);
#1725=ADVANCED_FACE('',(#1435,#1436),#1628,.F.);
#1726=ADVANCED_FACE('',(#1437,#1438),#1629,.T.);
#1727=ADVANCED_FACE('',(#1439,#1440),#165,.F.);
#1728=ADVANCED_FACE('',(#1441,#1442),#166,.T.);
#1729=ADVANCED_FACE('',(#1443,#1444),#1630,.T.);
#1730=ADVANCED_FACE('',(#1445),#167,.T.);
#1731=ADVANCED_FACE('',(#1446),#168,.F.);
#1732=ADVANCED_FACE('',(#1447,#1448),#1631,.T.);
#1733=ADVANCED_FACE('',(#1449),#169,.T.);
#1734=ADVANCED_FACE('',(#1450),#170,.F.);
#1735=ADVANCED_FACE('',(#1451,#1452),#1632,.F.);
#1736=ADVANCED_FACE('',(#1453,#1454),#1633,.T.);
#1737=ADVANCED_FACE('',(#1455,#1456),#171,.F.);
#1738=ADVANCED_FACE('',(#1457,#1458),#172,.T.);
#1739=ADVANCED_FACE('',(#1459,#1460),#1634,.T.);
#1740=ADVANCED_FACE('',(#1461),#173,.T.);
#1741=ADVANCED_FACE('',(#1462),#174,.F.);
#1742=ADVANCED_FACE('',(#1463,#1464),#1635,.T.);
#1743=ADVANCED_FACE('',(#1465),#175,.T.);
#1744=ADVANCED_FACE('',(#1466),#176,.F.);
#1745=ADVANCED_FACE('',(#1467,#1468),#1636,.F.);
#1746=ADVANCED_FACE('',(#1469,#1470),#1637,.T.);
#1747=ADVANCED_FACE('',(#1471,#1472),#177,.F.);
#1748=ADVANCED_FACE('',(#1473,#1474),#178,.T.);
#1749=ADVANCED_FACE('',(#1475,#1476),#1638,.T.);
#1750=ADVANCED_FACE('',(#1477),#179,.T.);
#1751=ADVANCED_FACE('',(#1478),#180,.F.);
#1752=ADVANCED_FACE('',(#1479,#1480),#1639,.T.);
#1753=ADVANCED_FACE('',(#1481),#181,.T.);
#1754=ADVANCED_FACE('',(#1482),#182,.F.);
#1755=ADVANCED_FACE('',(#1483,#1484),#1640,.F.);
#1756=ADVANCED_FACE('',(#1485,#1486),#1641,.T.);
#1757=ADVANCED_FACE('',(#1487,#1488),#183,.F.);
#1758=ADVANCED_FACE('',(#1489,#1490),#184,.T.);
#1759=ADVANCED_FACE('',(#1491,#1492),#1642,.F.);
#1760=ADVANCED_FACE('',(#1493,#1494),#1643,.T.);
#1761=ADVANCED_FACE('',(#1495,#1496),#185,.T.);
#1762=ADVANCED_FACE('',(#1497,#1498),#186,.F.);
#1763=ADVANCED_FACE('',(#1499,#1500),#1644,.T.);
#1764=ADVANCED_FACE('',(#1501),#187,.F.);
#1765=ADVANCED_FACE('',(#1502),#188,.T.);
#1766=ADVANCED_FACE('',(#1503,#1504),#1645,.T.);
#1767=ADVANCED_FACE('',(#1505),#189,.F.);
#1768=ADVANCED_FACE('',(#1506),#190,.T.);
#1769=ADVANCED_FACE('',(#1507,#1508),#1646,.F.);
#1770=ADVANCED_FACE('',(#1509,#1510),#1647,.T.);
#1771=ADVANCED_FACE('',(#1511,#1512),#191,.T.);
#1772=ADVANCED_FACE('',(#1513,#1514),#192,.F.);
#1773=ADVANCED_FACE('',(#1515,#1516),#1648,.T.);
#1774=ADVANCED_FACE('',(#1517),#193,.F.);
#1775=ADVANCED_FACE('',(#1518),#194,.T.);
#1776=ADVANCED_FACE('',(#1519,#1520),#1649,.T.);
#1777=ADVANCED_FACE('',(#1521),#195,.F.);
#1778=ADVANCED_FACE('',(#1522),#196,.T.);
#1779=ADVANCED_FACE('',(#1523,#1524),#1650,.F.);
#1780=ADVANCED_FACE('',(#1525,#1526),#1651,.T.);
#1781=ADVANCED_FACE('',(#1527,#1528),#197,.T.);
#1782=ADVANCED_FACE('',(#1529,#1530),#198,.F.);
#1783=ADVANCED_FACE('',(#1531,#1532),#1652,.T.);
#1784=ADVANCED_FACE('',(#1533),#199,.F.);
#1785=ADVANCED_FACE('',(#1534),#200,.T.);
#1786=ADVANCED_FACE('',(#1535,#1536),#1653,.T.);
#1787=ADVANCED_FACE('',(#1537),#201,.F.);
#1788=ADVANCED_FACE('',(#1538),#202,.T.);
#1789=ADVANCED_FACE('',(#1539,#1540),#1654,.T.);
#1790=ADVANCED_FACE('',(#1541),#203,.F.);
#1791=ADVANCED_FACE('',(#1542),#204,.T.);
#1792=ADVANCED_FACE('',(#1543,#1544),#1655,.F.);
#1793=ADVANCED_FACE('',(#1545,#1546),#1656,.T.);
#1794=ADVANCED_FACE('',(#1547,#1548),#205,.T.);
#1795=ADVANCED_FACE('',(#1549,#1550),#206,.F.);
#1796=ADVANCED_FACE('',(#1551,#1552),#1657,.T.);
#1797=ADVANCED_FACE('',(#1553),#207,.F.);
#1798=ADVANCED_FACE('',(#1554),#208,.T.);
#1799=ADVANCED_FACE('',(#1555,#1556),#1658,.T.);
#1800=ADVANCED_FACE('',(#1557),#209,.F.);
#1801=ADVANCED_FACE('',(#1558),#210,.T.);
#1802=ADVANCED_FACE('',(#1559,#1560),#1659,.T.);
#1803=ADVANCED_FACE('',(#1561),#211,.F.);
#1804=ADVANCED_FACE('',(#1562),#212,.T.);
#1805=ADVANCED_FACE('',(#1563,#1564),#1660,.F.);
#1806=ADVANCED_FACE('',(#1565,#1566),#1661,.T.);
#1807=ADVANCED_FACE('',(#1567,#1568),#213,.T.);
#1808=ADVANCED_FACE('',(#1569,#1570),#214,.F.);
#1809=ADVANCED_FACE('',(#1571,#1572),#1662,.T.);
#1810=ADVANCED_FACE('',(#1573),#215,.F.);
#1811=ADVANCED_FACE('',(#1574),#216,.T.);
#1812=ADVANCED_FACE('',(#1575,#1576),#1663,.T.);
#1813=ADVANCED_FACE('',(#1577),#217,.F.);
#1814=ADVANCED_FACE('',(#1578),#218,.T.);
#1815=ADVANCED_FACE('',(#1579,#1580),#1664,.T.);
#1816=ADVANCED_FACE('',(#1581),#219,.F.);
#1817=ADVANCED_FACE('',(#1582),#220,.T.);
#1818=ADVANCED_FACE('',(#1583,#1584),#1665,.F.);
#1819=ADVANCED_FACE('',(#1585,#1586),#1666,.T.);
#1820=ADVANCED_FACE('',(#1587,#1588),#221,.T.);
#1821=ADVANCED_FACE('',(#1589,#1590),#222,.F.);
#1822=ADVANCED_FACE('',(#1591,#1592),#1667,.T.);
#1823=ADVANCED_FACE('',(#1593),#223,.F.);
#1824=ADVANCED_FACE('',(#1594),#224,.T.);
#1825=ADVANCED_FACE('',(#1595,#1596),#1668,.T.);
#1826=ADVANCED_FACE('',(#1597),#225,.F.);
#1827=ADVANCED_FACE('',(#1598),#226,.T.);
#1828=CLOSED_SHELL('',(#1669,#1670,#1671,#1672));
#1829=CLOSED_SHELL('',(#1673,#1674,#1675));
#1830=CLOSED_SHELL('',(#1676,#1677,#1678,#1679));
#1831=CLOSED_SHELL('',(#1680,#1681,#1682,#1683));
#1832=CLOSED_SHELL('',(#1684,#1685,#1686,#1687));
#1833=CLOSED_SHELL('',(#1688,#1689,#1690,#1691,#1692,#1693,#1694,#1695,
#1696,#1697,#1698,#1699,#1700,#1701,#1702,#1703,#1704,#1705,#1706,#1707,
#1708,#1709,#1710,#1711,#1712,#1713,#1714));
#1834=CLOSED_SHELL('',(#1715,#1716,#1717));
#1835=CLOSED_SHELL('',(#1718,#1719,#1720,#1721));
#1836=CLOSED_SHELL('',(#1722,#1723,#1724));
#1837=CLOSED_SHELL('',(#1725,#1726,#1727,#1728));
#1838=CLOSED_SHELL('',(#1729,#1730,#1731));
#1839=CLOSED_SHELL('',(#1732,#1733,#1734));
#1840=CLOSED_SHELL('',(#1735,#1736,#1737,#1738));
#1841=CLOSED_SHELL('',(#1739,#1740,#1741));
#1842=CLOSED_SHELL('',(#1742,#1743,#1744));
#1843=CLOSED_SHELL('',(#1745,#1746,#1747,#1748));
#1844=CLOSED_SHELL('',(#1749,#1750,#1751));
#1845=CLOSED_SHELL('',(#1752,#1753,#1754));
#1846=CLOSED_SHELL('',(#1755,#1756,#1757,#1758));
#1847=CLOSED_SHELL('',(#1759,#1760,#1761,#1762));
#1848=CLOSED_SHELL('',(#1763,#1764,#1765));
#1849=CLOSED_SHELL('',(#1766,#1767,#1768));
#1850=CLOSED_SHELL('',(#1769,#1770,#1771,#1772));
#1851=CLOSED_SHELL('',(#1773,#1774,#1775));
#1852=CLOSED_SHELL('',(#1776,#1777,#1778));
#1853=CLOSED_SHELL('',(#1779,#1780,#1781,#1782));
#1854=CLOSED_SHELL('',(#1783,#1784,#1785));
#1855=CLOSED_SHELL('',(#1786,#1787,#1788));
#1856=CLOSED_SHELL('',(#1789,#1790,#1791));
#1857=CLOSED_SHELL('',(#1792,#1793,#1794,#1795));
#1858=CLOSED_SHELL('',(#1796,#1797,#1798));
#1859=CLOSED_SHELL('',(#1799,#1800,#1801));
#1860=CLOSED_SHELL('',(#1802,#1803,#1804));
#1861=CLOSED_SHELL('',(#1805,#1806,#1807,#1808));
#1862=CLOSED_SHELL('',(#1809,#1810,#1811));
#1863=CLOSED_SHELL('',(#1812,#1813,#1814));
#1864=CLOSED_SHELL('',(#1815,#1816,#1817));
#1865=CLOSED_SHELL('',(#1818,#1819,#1820,#1821));
#1866=CLOSED_SHELL('',(#1822,#1823,#1824));
#1867=CLOSED_SHELL('',(#1825,#1826,#1827));
#1868=STYLED_ITEM('',(#1908),#2156);
#1869=STYLED_ITEM('',(#1909),#2157);
#1870=STYLED_ITEM('',(#1910),#2158);
#1871=STYLED_ITEM('',(#1911),#2159);
#1872=STYLED_ITEM('',(#1912),#2160);
#1873=STYLED_ITEM('',(#1913),#2161);
#1874=STYLED_ITEM('',(#1914),#2162);
#1875=STYLED_ITEM('',(#1915),#2163);
#1876=STYLED_ITEM('',(#1916),#2164);
#1877=STYLED_ITEM('',(#1917),#2165);
#1878=STYLED_ITEM('',(#1918),#2166);
#1879=STYLED_ITEM('',(#1919),#2167);
#1880=STYLED_ITEM('',(#1920),#2168);
#1881=STYLED_ITEM('',(#1921),#2169);
#1882=STYLED_ITEM('',(#1922),#2170);
#1883=STYLED_ITEM('',(#1923),#2171);
#1884=STYLED_ITEM('',(#1924),#2172);
#1885=STYLED_ITEM('',(#1925),#2173);
#1886=STYLED_ITEM('',(#1926),#2174);
#1887=STYLED_ITEM('',(#1927),#2175);
#1888=STYLED_ITEM('',(#1928),#2176);
#1889=STYLED_ITEM('',(#1929),#2177);
#1890=STYLED_ITEM('',(#1930),#2178);
#1891=STYLED_ITEM('',(#1931),#2179);
#1892=STYLED_ITEM('',(#1932),#2180);
#1893=STYLED_ITEM('',(#1933),#2181);
#1894=STYLED_ITEM('',(#1934),#2182);
#1895=STYLED_ITEM('',(#1935),#2183);
#1896=STYLED_ITEM('',(#1936),#2184);
#1897=STYLED_ITEM('',(#1937),#2185);
#1898=STYLED_ITEM('',(#1938),#2186);
#1899=STYLED_ITEM('',(#1939),#2187);
#1900=STYLED_ITEM('',(#1940),#2188);
#1901=STYLED_ITEM('',(#1941),#2189);
#1902=STYLED_ITEM('',(#1942),#2190);
#1903=STYLED_ITEM('',(#1943),#2191);
#1904=STYLED_ITEM('',(#1944),#2192);
#1905=STYLED_ITEM('',(#1945),#2193);
#1906=STYLED_ITEM('',(#1946),#2194);
#1907=STYLED_ITEM('',(#1947),#2195);
#1908=PRESENTATION_STYLE_ASSIGNMENT((#1948));
#1909=PRESENTATION_STYLE_ASSIGNMENT((#1949));
#1910=PRESENTATION_STYLE_ASSIGNMENT((#1950));
#1911=PRESENTATION_STYLE_ASSIGNMENT((#1951));
#1912=PRESENTATION_STYLE_ASSIGNMENT((#1952));
#1913=PRESENTATION_STYLE_ASSIGNMENT((#1953));
#1914=PRESENTATION_STYLE_ASSIGNMENT((#1954));
#1915=PRESENTATION_STYLE_ASSIGNMENT((#1955));
#1916=PRESENTATION_STYLE_ASSIGNMENT((#1956));
#1917=PRESENTATION_STYLE_ASSIGNMENT((#1957));
#1918=PRESENTATION_STYLE_ASSIGNMENT((#1958));
#1919=PRESENTATION_STYLE_ASSIGNMENT((#1959));
#1920=PRESENTATION_STYLE_ASSIGNMENT((#1960));
#1921=PRESENTATION_STYLE_ASSIGNMENT((#1961));
#1922=PRESENTATION_STYLE_ASSIGNMENT((#1962));
#1923=PRESENTATION_STYLE_ASSIGNMENT((#1963));
#1924=PRESENTATION_STYLE_ASSIGNMENT((#1964));
#1925=PRESENTATION_STYLE_ASSIGNMENT((#1965));
#1926=PRESENTATION_STYLE_ASSIGNMENT((#1966));
#1927=PRESENTATION_STYLE_ASSIGNMENT((#1967));
#1928=PRESENTATION_STYLE_ASSIGNMENT((#1968));
#1929=PRESENTATION_STYLE_ASSIGNMENT((#1969));
#1930=PRESENTATION_STYLE_ASSIGNMENT((#1970));
#1931=PRESENTATION_STYLE_ASSIGNMENT((#1971));
#1932=PRESENTATION_STYLE_ASSIGNMENT((#1972));
#1933=PRESENTATION_STYLE_ASSIGNMENT((#1973));
#1934=PRESENTATION_STYLE_ASSIGNMENT((#1974));
#1935=PRESENTATION_STYLE_ASSIGNMENT((#1975));
#1936=PRESENTATION_STYLE_ASSIGNMENT((#1976));
#1937=PRESENTATION_STYLE_ASSIGNMENT((#1977));
#1938=PRESENTATION_STYLE_ASSIGNMENT((#1978));
#1939=PRESENTATION_STYLE_ASSIGNMENT((#1979));
#1940=PRESENTATION_STYLE_ASSIGNMENT((#1980));
#1941=PRESENTATION_STYLE_ASSIGNMENT((#1981));
#1942=PRESENTATION_STYLE_ASSIGNMENT((#1982));
#1943=PRESENTATION_STYLE_ASSIGNMENT((#1983));
#1944=PRESENTATION_STYLE_ASSIGNMENT((#1984));
#1945=PRESENTATION_STYLE_ASSIGNMENT((#1985));
#1946=PRESENTATION_STYLE_ASSIGNMENT((#1986));
#1947=PRESENTATION_STYLE_ASSIGNMENT((#1987));
#1948=SURFACE_STYLE_USAGE(.BOTH.,#1988);
#1949=SURFACE_STYLE_USAGE(.BOTH.,#1989);
#1950=SURFACE_STYLE_USAGE(.BOTH.,#1990);
#1951=SURFACE_STYLE_USAGE(.BOTH.,#1991);
#1952=SURFACE_STYLE_USAGE(.BOTH.,#1992);
#1953=SURFACE_STYLE_USAGE(.BOTH.,#1993);
#1954=SURFACE_STYLE_USAGE(.BOTH.,#1994);
#1955=SURFACE_STYLE_USAGE(.BOTH.,#1995);
#1956=SURFACE_STYLE_USAGE(.BOTH.,#1996);
#1957=SURFACE_STYLE_USAGE(.BOTH.,#1997);
#1958=SURFACE_STYLE_USAGE(.BOTH.,#1998);
#1959=SURFACE_STYLE_USAGE(.BOTH.,#1999);
#1960=SURFACE_STYLE_USAGE(.BOTH.,#2000);
#1961=SURFACE_STYLE_USAGE(.BOTH.,#2001);
#1962=SURFACE_STYLE_USAGE(.BOTH.,#2002);
#1963=SURFACE_STYLE_USAGE(.BOTH.,#2003);
#1964=SURFACE_STYLE_USAGE(.BOTH.,#2004);
#1965=SURFACE_STYLE_USAGE(.BOTH.,#2005);
#1966=SURFACE_STYLE_USAGE(.BOTH.,#2006);
#1967=SURFACE_STYLE_USAGE(.BOTH.,#2007);
#1968=SURFACE_STYLE_USAGE(.BOTH.,#2008);
#1969=SURFACE_STYLE_USAGE(.BOTH.,#2009);
#1970=SURFACE_STYLE_USAGE(.BOTH.,#2010);
#1971=SURFACE_STYLE_USAGE(.BOTH.,#2011);
#1972=SURFACE_STYLE_USAGE(.BOTH.,#2012);
#1973=SURFACE_STYLE_USAGE(.BOTH.,#2013);
#1974=SURFACE_STYLE_USAGE(.BOTH.,#2014);
#1975=SURFACE_STYLE_USAGE(.BOTH.,#2015);
#1976=SURFACE_STYLE_USAGE(.BOTH.,#2016);
#1977=SURFACE_STYLE_USAGE(.BOTH.,#2017);
#1978=SURFACE_STYLE_USAGE(.BOTH.,#2018);
#1979=SURFACE_STYLE_USAGE(.BOTH.,#2019);
#1980=SURFACE_STYLE_USAGE(.BOTH.,#2020);
#1981=SURFACE_STYLE_USAGE(.BOTH.,#2021);
#1982=SURFACE_STYLE_USAGE(.BOTH.,#2022);
#1983=SURFACE_STYLE_USAGE(.BOTH.,#2023);
#1984=SURFACE_STYLE_USAGE(.BOTH.,#2024);
#1985=SURFACE_STYLE_USAGE(.BOTH.,#2025);
#1986=SURFACE_STYLE_USAGE(.BOTH.,#2026);
#1987=SURFACE_STYLE_USAGE(.BOTH.,#2027);
#1988=SURFACE_SIDE_STYLE('',(#2028));
#1989=SURFACE_SIDE_STYLE('',(#2029));
#1990=SURFACE_SIDE_STYLE('',(#2030));
#1991=SURFACE_SIDE_STYLE('',(#2031));
#1992=SURFACE_SIDE_STYLE('',(#2032));
#1993=SURFACE_SIDE_STYLE('',(#2033));
#1994=SURFACE_SIDE_STYLE('',(#2034));
#1995=SURFACE_SIDE_STYLE('',(#2035));
#1996=SURFACE_SIDE_STYLE('',(#2036));
#1997=SURFACE_SIDE_STYLE('',(#2037));
#1998=SURFACE_SIDE_STYLE('',(#2038));
#1999=SURFACE_SIDE_STYLE('',(#2039));
#2000=SURFACE_SIDE_STYLE('',(#2040));
#2001=SURFACE_SIDE_STYLE('',(#2041));
#2002=SURFACE_SIDE_STYLE('',(#2042));
#2003=SURFACE_SIDE_STYLE('',(#2043));
#2004=SURFACE_SIDE_STYLE('',(#2044));
#2005=SURFACE_SIDE_STYLE('',(#2045));
#2006=SURFACE_SIDE_STYLE('',(#2046));
#2007=SURFACE_SIDE_STYLE('',(#2047));
#2008=SURFACE_SIDE_STYLE('',(#2048));
#2009=SURFACE_SIDE_STYLE('',(#2049));
#2010=SURFACE_SIDE_STYLE('',(#2050));
#2011=SURFACE_SIDE_STYLE('',(#2051));
#2012=SURFACE_SIDE_STYLE('',(#2052));
#2013=SURFACE_SIDE_STYLE('',(#2053));
#2014=SURFACE_SIDE_STYLE('',(#2054));
#2015=SURFACE_SIDE_STYLE('',(#2055));
#2016=SURFACE_SIDE_STYLE('',(#2056));
#2017=SURFACE_SIDE_STYLE('',(#2057));
#2018=SURFACE_SIDE_STYLE('',(#2058));
#2019=SURFACE_SIDE_STYLE('',(#2059));
#2020=SURFACE_SIDE_STYLE('',(#2060));
#2021=SURFACE_SIDE_STYLE('',(#2061));
#2022=SURFACE_SIDE_STYLE('',(#2062));
#2023=SURFACE_SIDE_STYLE('',(#2063));
#2024=SURFACE_SIDE_STYLE('',(#2064));
#2025=SURFACE_SIDE_STYLE('',(#2065));
#2026=SURFACE_SIDE_STYLE('',(#2066));
#2027=SURFACE_SIDE_STYLE('',(#2067));
#2028=SURFACE_STYLE_FILL_AREA(#2068);
#2029=SURFACE_STYLE_FILL_AREA(#2069);
#2030=SURFACE_STYLE_FILL_AREA(#2070);
#2031=SURFACE_STYLE_FILL_AREA(#2071);
#2032=SURFACE_STYLE_FILL_AREA(#2072);
#2033=SURFACE_STYLE_FILL_AREA(#2073);
#2034=SURFACE_STYLE_FILL_AREA(#2074);
#2035=SURFACE_STYLE_FILL_AREA(#2075);
#2036=SURFACE_STYLE_FILL_AREA(#2076);
#2037=SURFACE_STYLE_FILL_AREA(#2077);
#2038=SURFACE_STYLE_FILL_AREA(#2078);
#2039=SURFACE_STYLE_FILL_AREA(#2079);
#2040=SURFACE_STYLE_FILL_AREA(#2080);
#2041=SURFACE_STYLE_FILL_AREA(#2081);
#2042=SURFACE_STYLE_FILL_AREA(#2082);
#2043=SURFACE_STYLE_FILL_AREA(#2083);
#2044=SURFACE_STYLE_FILL_AREA(#2084);
#2045=SURFACE_STYLE_FILL_AREA(#2085);
#2046=SURFACE_STYLE_FILL_AREA(#2086);
#2047=SURFACE_STYLE_FILL_AREA(#2087);
#2048=SURFACE_STYLE_FILL_AREA(#2088);
#2049=SURFACE_STYLE_FILL_AREA(#2089);
#2050=SURFACE_STYLE_FILL_AREA(#2090);
#2051=SURFACE_STYLE_FILL_AREA(#2091);
#2052=SURFACE_STYLE_FILL_AREA(#2092);
#2053=SURFACE_STYLE_FILL_AREA(#2093);
#2054=SURFACE_STYLE_FILL_AREA(#2094);
#2055=SURFACE_STYLE_FILL_AREA(#2095);
#2056=SURFACE_STYLE_FILL_AREA(#2096);
#2057=SURFACE_STYLE_FILL_AREA(#2097);
#2058=SURFACE_STYLE_FILL_AREA(#2098);
#2059=SURFACE_STYLE_FILL_AREA(#2099);
#2060=SURFACE_STYLE_FILL_AREA(#2100);
#2061=SURFACE_STYLE_FILL_AREA(#2101);
#2062=SURFACE_STYLE_FILL_AREA(#2102);
#2063=SURFACE_STYLE_FILL_AREA(#2103);
#2064=SURFACE_STYLE_FILL_AREA(#2104);
#2065=SURFACE_STYLE_FILL_AREA(#2105);
#2066=SURFACE_STYLE_FILL_AREA(#2106);
#2067=SURFACE_STYLE_FILL_AREA(#2107);
#2068=FILL_AREA_STYLE('',(#2108));
#2069=FILL_AREA_STYLE('',(#2109));
#2070=FILL_AREA_STYLE('',(#2110));
#2071=FILL_AREA_STYLE('',(#2111));
#2072=FILL_AREA_STYLE('',(#2112));
#2073=FILL_AREA_STYLE('',(#2113));
#2074=FILL_AREA_STYLE('',(#2114));
#2075=FILL_AREA_STYLE('',(#2115));
#2076=FILL_AREA_STYLE('',(#2116));
#2077=FILL_AREA_STYLE('',(#2117));
#2078=FILL_AREA_STYLE('',(#2118));
#2079=FILL_AREA_STYLE('',(#2119));
#2080=FILL_AREA_STYLE('',(#2120));
#2081=FILL_AREA_STYLE('',(#2121));
#2082=FILL_AREA_STYLE('',(#2122));
#2083=FILL_AREA_STYLE('',(#2123));
#2084=FILL_AREA_STYLE('',(#2124));
#2085=FILL_AREA_STYLE('',(#2125));
#2086=FILL_AREA_STYLE('',(#2126));
#2087=FILL_AREA_STYLE('',(#2127));
#2088=FILL_AREA_STYLE('',(#2128));
#2089=FILL_AREA_STYLE('',(#2129));
#2090=FILL_AREA_STYLE('',(#2130));
#2091=FILL_AREA_STYLE('',(#2131));
#2092=FILL_AREA_STYLE('',(#2132));
#2093=FILL_AREA_STYLE('',(#2133));
#2094=FILL_AREA_STYLE('',(#2134));
#2095=FILL_AREA_STYLE('',(#2135));
#2096=FILL_AREA_STYLE('',(#2136));
#2097=FILL_AREA_STYLE('',(#2137));
#2098=FILL_AREA_STYLE('',(#2138));
#2099=FILL_AREA_STYLE('',(#2139));
#2100=FILL_AREA_STYLE('',(#2140));
#2101=FILL_AREA_STYLE('',(#2141));
#2102=FILL_AREA_STYLE('',(#2142));
#2103=FILL_AREA_STYLE('',(#2143));
#2104=FILL_AREA_STYLE('',(#2144));
#2105=FILL_AREA_STYLE('',(#2145));
#2106=FILL_AREA_STYLE('',(#2146));
#2107=FILL_AREA_STYLE('',(#2147));
#2108=FILL_AREA_STYLE_COLOUR('',#2148);
#2109=FILL_AREA_STYLE_COLOUR('',#2149);
#2110=FILL_AREA_STYLE_COLOUR('',#2150);
#2111=FILL_AREA_STYLE_COLOUR('',#2149);
#2112=FILL_AREA_STYLE_COLOUR('',#2151);
#2113=FILL_AREA_STYLE_COLOUR('',#2149);
#2114=FILL_AREA_STYLE_COLOUR('',#2150);
#2115=FILL_AREA_STYLE_COLOUR('',#2152);
#2116=FILL_AREA_STYLE_COLOUR('',#2151);
#2117=FILL_AREA_STYLE_COLOUR('',#2153);
#2118=FILL_AREA_STYLE_COLOUR('',#2149);
#2119=FILL_AREA_STYLE_COLOUR('',#2152);
#2120=FILL_AREA_STYLE_COLOUR('',#2154);
#2121=FILL_AREA_STYLE_COLOUR('',#2155);
#2122=FILL_AREA_STYLE_COLOUR('',#2153);
#2123=FILL_AREA_STYLE_COLOUR('',#2155);
#2124=FILL_AREA_STYLE_COLOUR('',#2148);
#2125=FILL_AREA_STYLE_COLOUR('',#2154);
#2126=FILL_AREA_STYLE_COLOUR('',#2148);
#2127=FILL_AREA_STYLE_COLOUR('',#2150);
#2128=FILL_AREA_STYLE_COLOUR('',#2151);
#2129=FILL_AREA_STYLE_COLOUR('',#2149);
#2130=FILL_AREA_STYLE_COLOUR('',#2151);
#2131=FILL_AREA_STYLE_COLOUR('',#2152);
#2132=FILL_AREA_STYLE_COLOUR('',#2150);
#2133=FILL_AREA_STYLE_COLOUR('',#2152);
#2134=FILL_AREA_STYLE_COLOUR('',#2149);
#2135=FILL_AREA_STYLE_COLOUR('',#2153);
#2136=FILL_AREA_STYLE_COLOUR('',#2151);
#2137=FILL_AREA_STYLE_COLOUR('',#2153);
#2138=FILL_AREA_STYLE_COLOUR('',#2155);
#2139=FILL_AREA_STYLE_COLOUR('',#2154);
#2140=FILL_AREA_STYLE_COLOUR('',#2152);
#2141=FILL_AREA_STYLE_COLOUR('',#2154);
#2142=FILL_AREA_STYLE_COLOUR('',#2148);
#2143=FILL_AREA_STYLE_COLOUR('',#2155);
#2144=FILL_AREA_STYLE_COLOUR('',#2153);
#2145=FILL_AREA_STYLE_COLOUR('',#2155);
#2146=FILL_AREA_STYLE_COLOUR('',#2154);
#2147=FILL_AREA_STYLE_COLOUR('',#2148);
#2148=COLOUR_RGB('',0.980392156862745,0.713725490196078,0.00392156862745098);
#2149=COLOUR_RGB('',0.615686274509804,0.811764705882353,0.929411764705882);
#2150=COLOUR_RGB('',0.647058823529412,0.647058823529412,0.647058823529412);
#2151=COLOUR_RGB('',0.231372549019608,0.380392156862745,0.705882352941177);
#2152=COLOUR_RGB('',0.917647058823529,0.917647058823529,0.917647058823529);
#2153=COLOUR_RGB('',0.768627450980392,0.886274509803922,0.952941176470588);
#2154=COLOUR_RGB('',0.972549019607843,0.529411764705882,0.00392156862745098);
#2155=COLOUR_RGB('',0.498039215686275,0.498039215686275,0.498039215686275);
#2156=MANIFOLD_SOLID_BREP('Part 8',#1828);
#2157=MANIFOLD_SOLID_BREP('Part 40',#1829);
#2158=MANIFOLD_SOLID_BREP('Part 18',#1830);
#2159=MANIFOLD_SOLID_BREP('Part 9',#1831);
#2160=MANIFOLD_SOLID_BREP('Part 19',#1832);
#2161=MANIFOLD_SOLID_BREP('Part 1',#1833);
#2162=MANIFOLD_SOLID_BREP('Part 10',#1834);
#2163=MANIFOLD_SOLID_BREP('Part 20',#1835);
#2164=MANIFOLD_SOLID_BREP('Part 11',#1836);
#2165=MANIFOLD_SOLID_BREP('Part 21',#1837);
#2166=MANIFOLD_SOLID_BREP('Part 17',#1838);
#2167=MANIFOLD_SOLID_BREP('Part 12',#1839);
#2168=MANIFOLD_SOLID_BREP('Part 22',#1840);
#2169=MANIFOLD_SOLID_BREP('Part 15',#1841);
#2170=MANIFOLD_SOLID_BREP('Part 13',#1842);
#2171=MANIFOLD_SOLID_BREP('Part 23',#1843);
#2172=MANIFOLD_SOLID_BREP('Part 16',#1844);
#2173=MANIFOLD_SOLID_BREP('Part 14',#1845);
#2174=MANIFOLD_SOLID_BREP('Part 24',#1846);
#2175=MANIFOLD_SOLID_BREP('Part 2',#1847);
#2176=MANIFOLD_SOLID_BREP('Part 34',#1848);
#2177=MANIFOLD_SOLID_BREP('Part 25',#1849);
#2178=MANIFOLD_SOLID_BREP('Part 3',#1850);
#2179=MANIFOLD_SOLID_BREP('Part 35',#1851);
#2180=MANIFOLD_SOLID_BREP('Part 26',#1852);
#2181=MANIFOLD_SOLID_BREP('Part 4',#1853);
#2182=MANIFOLD_SOLID_BREP('Part 33',#1854);
#2183=MANIFOLD_SOLID_BREP('Part 36',#1855);
#2184=MANIFOLD_SOLID_BREP('Part 27',#1856);
#2185=MANIFOLD_SOLID_BREP('Part 5',#1857);
#2186=MANIFOLD_SOLID_BREP('Part 31',#1858);
#2187=MANIFOLD_SOLID_BREP('Part 37',#1859);
#2188=MANIFOLD_SOLID_BREP('Part 28',#1860);
#2189=MANIFOLD_SOLID_BREP('Part 6',#1861);
#2190=MANIFOLD_SOLID_BREP('Part 32',#1862);
#2191=MANIFOLD_SOLID_BREP('Part 38',#1863);
#2192=MANIFOLD_SOLID_BREP('Part 29',#1864);
#2193=MANIFOLD_SOLID_BREP('Part 7',#1865);
#2194=MANIFOLD_SOLID_BREP('Part 30',#1866);
#2195=MANIFOLD_SOLID_BREP('Part 39',#1867);
#2196=SHAPE_DEFINITION_REPRESENTATION(#4076,#2236);
#2197=SHAPE_DEFINITION_REPRESENTATION(#4077,#2237);
#2198=SHAPE_DEFINITION_REPRESENTATION(#4078,#2238);
#2199=SHAPE_DEFINITION_REPRESENTATION(#4079,#2239);
#2200=SHAPE_DEFINITION_REPRESENTATION(#4080,#2240);
#2201=SHAPE_DEFINITION_REPRESENTATION(#4081,#2241);
#2202=SHAPE_DEFINITION_REPRESENTATION(#4082,#2242);
#2203=SHAPE_DEFINITION_REPRESENTATION(#4083,#2243);
#2204=SHAPE_DEFINITION_REPRESENTATION(#4084,#2244);
#2205=SHAPE_DEFINITION_REPRESENTATION(#4085,#2245);
#2206=SHAPE_DEFINITION_REPRESENTATION(#4086,#2246);
#2207=SHAPE_DEFINITION_REPRESENTATION(#4087,#2247);
#2208=SHAPE_DEFINITION_REPRESENTATION(#4088,#2248);
#2209=SHAPE_DEFINITION_REPRESENTATION(#4089,#2249);
#2210=SHAPE_DEFINITION_REPRESENTATION(#4090,#2250);
#2211=SHAPE_DEFINITION_REPRESENTATION(#4091,#2251);
#2212=SHAPE_DEFINITION_REPRESENTATION(#4092,#2252);
#2213=SHAPE_DEFINITION_REPRESENTATION(#4093,#2253);
#2214=SHAPE_DEFINITION_REPRESENTATION(#4094,#2254);
#2215=SHAPE_DEFINITION_REPRESENTATION(#4095,#2255);
#2216=SHAPE_DEFINITION_REPRESENTATION(#4096,#2256);
#2217=SHAPE_DEFINITION_REPRESENTATION(#4097,#2257);
#2218=SHAPE_DEFINITION_REPRESENTATION(#4098,#2258);
#2219=SHAPE_DEFINITION_REPRESENTATION(#4099,#2259);
#2220=SHAPE_DEFINITION_REPRESENTATION(#4100,#2260);
#2221=SHAPE_DEFINITION_REPRESENTATION(#4101,#2261);
#2222=SHAPE_DEFINITION_REPRESENTATION(#4102,#2262);
#2223=SHAPE_DEFINITION_REPRESENTATION(#4103,#2263);
#2224=SHAPE_DEFINITION_REPRESENTATION(#4104,#2264);
#2225=SHAPE_DEFINITION_REPRESENTATION(#4105,#2265);
#2226=SHAPE_DEFINITION_REPRESENTATION(#4106,#2266);
#2227=SHAPE_DEFINITION_REPRESENTATION(#4107,#2267);
#2228=SHAPE_DEFINITION_REPRESENTATION(#4108,#2268);
#2229=SHAPE_DEFINITION_REPRESENTATION(#4109,#2269);
#2230=SHAPE_DEFINITION_REPRESENTATION(#4110,#2270);
#2231=SHAPE_DEFINITION_REPRESENTATION(#4111,#2271);
#2232=SHAPE_DEFINITION_REPRESENTATION(#4112,#2272);
#2233=SHAPE_DEFINITION_REPRESENTATION(#4113,#2273);
#2234=SHAPE_DEFINITION_REPRESENTATION(#4114,#2274);
#2235=SHAPE_DEFINITION_REPRESENTATION(#4115,#2275);
#2236=SHAPE_REPRESENTATION('Part 8',(#2276),#3876);
#2237=SHAPE_REPRESENTATION('Part 40',(#2285),#3877);
#2238=SHAPE_REPRESENTATION('Part 18',(#2291),#3878);
#2239=SHAPE_REPRESENTATION('Part 9',(#2300),#3879);
#2240=SHAPE_REPRESENTATION('Part 19',(#2309),#3880);
#2241=SHAPE_REPRESENTATION('Part 1',(#2318),#3881);
#2242=SHAPE_REPRESENTATION('Part 10',(#2378),#3882);
#2243=SHAPE_REPRESENTATION('Part 20',(#2384),#3883);
#2244=SHAPE_REPRESENTATION('Part 11',(#2393),#3884);
#2245=SHAPE_REPRESENTATION('Part 21',(#2399),#3885);
#2246=SHAPE_REPRESENTATION('Part 17',(#2408),#3886);
#2247=SHAPE_REPRESENTATION('Part 12',(#2414),#3887);
#2248=SHAPE_REPRESENTATION('Part 22',(#2420),#3888);
#2249=SHAPE_REPRESENTATION('Part 15',(#2429),#3889);
#2250=SHAPE_REPRESENTATION('Part 13',(#2435),#3890);
#2251=SHAPE_REPRESENTATION('Part 23',(#2441),#3891);
#2252=SHAPE_REPRESENTATION('Part 16',(#2450),#3892);
#2253=SHAPE_REPRESENTATION('Part 14',(#2456),#3893);
#2254=SHAPE_REPRESENTATION('Part 24',(#2462),#3894);
#2255=SHAPE_REPRESENTATION('Part 2',(#2471),#3895);
#2256=SHAPE_REPRESENTATION('Part 34',(#2480),#3896);
#2257=SHAPE_REPRESENTATION('Part 25',(#2486),#3897);
#2258=SHAPE_REPRESENTATION('Part 3',(#2492),#3898);
#2259=SHAPE_REPRESENTATION('Part 35',(#2501),#3899);
#2260=SHAPE_REPRESENTATION('Part 26',(#2507),#3900);
#2261=SHAPE_REPRESENTATION('Part 4',(#2513),#3901);
#2262=SHAPE_REPRESENTATION('Part 33',(#2522),#3902);
#2263=SHAPE_REPRESENTATION('Part 36',(#2528),#3903);
#2264=SHAPE_REPRESENTATION('Part 27',(#2534),#3904);
#2265=SHAPE_REPRESENTATION('Part 5',(#2540),#3905);
#2266=SHAPE_REPRESENTATION('Part 31',(#2549),#3906);
#2267=SHAPE_REPRESENTATION('Part 37',(#2555),#3907);
#2268=SHAPE_REPRESENTATION('Part 28',(#2561),#3908);
#2269=SHAPE_REPRESENTATION('Part 6',(#2567),#3909);
#2270=SHAPE_REPRESENTATION('Part 32',(#2576),#3910);
#2271=SHAPE_REPRESENTATION('Part 38',(#2582),#3911);
#2272=SHAPE_REPRESENTATION('Part 29',(#2588),#3912);
#2273=SHAPE_REPRESENTATION('Part 7',(#2594),#3913);
#2274=SHAPE_REPRESENTATION('Part 30',(#2603),#3914);
#2275=SHAPE_REPRESENTATION('Part 39',(#2609),#3915);
#2276=AXIS2_PLACEMENT_3D('',#3317,#2615,#2616);
#2277=AXIS2_PLACEMENT_3D('',#3318,#2617,#2618);
#2278=AXIS2_PLACEMENT_3D('',#3319,#2619,#2620);
#2279=AXIS2_PLACEMENT_3D('',#3321,#2621,#2622);
#2280=AXIS2_PLACEMENT_3D('',#3323,#2623,#2624);
#2281=AXIS2_PLACEMENT_3D('',#3324,#2625,#2626);
#2282=AXIS2_PLACEMENT_3D('',#3326,#2627,#2628);
#2283=AXIS2_PLACEMENT_3D('',#3328,#2629,#2630);
#2284=AXIS2_PLACEMENT_3D('',#3329,#2631,#2632);
#2285=AXIS2_PLACEMENT_3D('',#3330,#2633,#2634);
#2286=AXIS2_PLACEMENT_3D('',#3331,#2635,#2636);
#2287=AXIS2_PLACEMENT_3D('',#3332,#2637,#2638);
#2288=AXIS2_PLACEMENT_3D('',#3334,#2639,#2640);
#2289=AXIS2_PLACEMENT_3D('',#3336,#2641,#2642);
#2290=AXIS2_PLACEMENT_3D('',#3337,#2643,#2644);
#2291=AXIS2_PLACEMENT_3D('',#3338,#2645,#2646);
#2292=AXIS2_PLACEMENT_3D('',#3339,#2647,#2648);
#2293=AXIS2_PLACEMENT_3D('',#3340,#2649,#2650);
#2294=AXIS2_PLACEMENT_3D('',#3342,#2651,#2652);
#2295=AXIS2_PLACEMENT_3D('',#3344,#2653,#2654);
#2296=AXIS2_PLACEMENT_3D('',#3345,#2655,#2656);
#2297=AXIS2_PLACEMENT_3D('',#3347,#2657,#2658);
#2298=AXIS2_PLACEMENT_3D('',#3349,#2659,#2660);
#2299=AXIS2_PLACEMENT_3D('',#3350,#2661,#2662);
#2300=AXIS2_PLACEMENT_3D('',#3351,#2663,#2664);
#2301=AXIS2_PLACEMENT_3D('',#3352,#2665,#2666);
#2302=AXIS2_PLACEMENT_3D('',#3353,#2667,#2668);
#2303=AXIS2_PLACEMENT_3D('',#3355,#2669,#2670);
#2304=AXIS2_PLACEMENT_3D('',#3357,#2671,#2672);
#2305=AXIS2_PLACEMENT_3D('',#3358,#2673,#2674);
#2306=AXIS2_PLACEMENT_3D('',#3360,#2675,#2676);
#2307=AXIS2_PLACEMENT_3D('',#3362,#2677,#2678);
#2308=AXIS2_PLACEMENT_3D('',#3363,#2679,#2680);
#2309=AXIS2_PLACEMENT_3D('',#3364,#2681,#2682);
#2310=AXIS2_PLACEMENT_3D('',#3365,#2683,#2684);
#2311=AXIS2_PLACEMENT_3D('',#3366,#2685,#2686);
#2312=AXIS2_PLACEMENT_3D('',#3368,#2687,#2688);
#2313=AXIS2_PLACEMENT_3D('',#3370,#2689,#2690);
#2314=AXIS2_PLACEMENT_3D('',#3371,#2691,#2692);
#2315=AXIS2_PLACEMENT_3D('',#3373,#2693,#2694);
#2316=AXIS2_PLACEMENT_3D('',#3375,#2695,#2696);
#2317=AXIS2_PLACEMENT_3D('',#3376,#2697,#2698);
#2318=AXIS2_PLACEMENT_3D('',#3377,#2699,#2700);
#2319=AXIS2_PLACEMENT_3D('',#3378,#2701,#2702);
#2320=AXIS2_PLACEMENT_3D('',#3387,#2707,#2708);
#2321=AXIS2_PLACEMENT_3D('',#3393,#2712,#2713);
#2322=AXIS2_PLACEMENT_3D('',#3399,#2717,#2718);
#2323=AXIS2_PLACEMENT_3D('',#3408,#2723,#2724);
#2324=AXIS2_PLACEMENT_3D('',#3414,#2728,#2729);
#2325=AXIS2_PLACEMENT_3D('',#3420,#2733,#2734);
#2326=AXIS2_PLACEMENT_3D('',#3423,#2737,#2738);
#2327=AXIS2_PLACEMENT_3D('',#3426,#2741,#2742);
#2328=AXIS2_PLACEMENT_3D('',#3427,#2743,#2744);
#2329=AXIS2_PLACEMENT_3D('',#3428,#2745,#2746);
#2330=AXIS2_PLACEMENT_3D('',#3430,#2747,#2748);
#2331=AXIS2_PLACEMENT_3D('',#3432,#2749,#2750);
#2332=AXIS2_PLACEMENT_3D('',#3433,#2751,#2752);
#2333=AXIS2_PLACEMENT_3D('',#3435,#2753,#2754);
#2334=AXIS2_PLACEMENT_3D('',#3437,#2755,#2756);
#2335=AXIS2_PLACEMENT_3D('',#3438,#2757,#2758);
#2336=AXIS2_PLACEMENT_3D('',#3440,#2759,#2760);
#2337=AXIS2_PLACEMENT_3D('',#3442,#2761,#2762);
#2338=AXIS2_PLACEMENT_3D('',#3443,#2763,#2764);
#2339=AXIS2_PLACEMENT_3D('',#3445,#2765,#2766);
#2340=AXIS2_PLACEMENT_3D('',#3447,#2767,#2768);
#2341=AXIS2_PLACEMENT_3D('',#3448,#2769,#2770);
#2342=AXIS2_PLACEMENT_3D('',#3450,#2771,#2772);
#2343=AXIS2_PLACEMENT_3D('',#3452,#2773,#2774);
#2344=AXIS2_PLACEMENT_3D('',#3453,#2775,#2776);
#2345=AXIS2_PLACEMENT_3D('',#3455,#2777,#2778);
#2346=AXIS2_PLACEMENT_3D('',#3457,#2779,#2780);
#2347=AXIS2_PLACEMENT_3D('',#3458,#2781,#2782);
#2348=AXIS2_PLACEMENT_3D('',#3460,#2783,#2784);
#2349=AXIS2_PLACEMENT_3D('',#3462,#2785,#2786);
#2350=AXIS2_PLACEMENT_3D('',#3463,#2787,#2788);
#2351=AXIS2_PLACEMENT_3D('',#3465,#2789,#2790);
#2352=AXIS2_PLACEMENT_3D('',#3467,#2791,#2792);
#2353=AXIS2_PLACEMENT_3D('',#3468,#2793,#2794);
#2354=AXIS2_PLACEMENT_3D('',#3470,#2795,#2796);
#2355=AXIS2_PLACEMENT_3D('',#3472,#2797,#2798);
#2356=AXIS2_PLACEMENT_3D('',#3473,#2799,#2800);
#2357=AXIS2_PLACEMENT_3D('',#3475,#2801,#2802);
#2358=AXIS2_PLACEMENT_3D('',#3477,#2803,#2804);
#2359=AXIS2_PLACEMENT_3D('',#3478,#2805,#2806);
#2360=AXIS2_PLACEMENT_3D('',#3480,#2807,#2808);
#2361=AXIS2_PLACEMENT_3D('',#3482,#2809,#2810);
#2362=AXIS2_PLACEMENT_3D('',#3483,#2811,#2812);
#2363=AXIS2_PLACEMENT_3D('',#3485,#2813,#2814);
#2364=AXIS2_PLACEMENT_3D('',#3487,#2815,#2816);
#2365=AXIS2_PLACEMENT_3D('',#3488,#2817,#2818);
#2366=AXIS2_PLACEMENT_3D('',#3490,#2819,#2820);
#2367=AXIS2_PLACEMENT_3D('',#3492,#2821,#2822);
#2368=AXIS2_PLACEMENT_3D('',#3493,#2823,#2824);
#2369=AXIS2_PLACEMENT_3D('',#3495,#2825,#2826);
#2370=AXIS2_PLACEMENT_3D('',#3497,#2827,#2828);
#2371=AXIS2_PLACEMENT_3D('',#3498,#2829,#2830);
#2372=AXIS2_PLACEMENT_3D('',#3500,#2831,#2832);
#2373=AXIS2_PLACEMENT_3D('',#3502,#2833,#2834);
#2374=AXIS2_PLACEMENT_3D('',#3503,#2835,#2836);
#2375=AXIS2_PLACEMENT_3D('',#3505,#2837,#2838);
#2376=AXIS2_PLACEMENT_3D('',#3507,#2839,#2840);
#2377=AXIS2_PLACEMENT_3D('',#3508,#2841,#2842);
#2378=AXIS2_PLACEMENT_3D('',#3509,#2843,#2844);
#2379=AXIS2_PLACEMENT_3D('',#3510,#2845,#2846);
#2380=AXIS2_PLACEMENT_3D('',#3511,#2847,#2848);
#2381=AXIS2_PLACEMENT_3D('',#3513,#2849,#2850);
#2382=AXIS2_PLACEMENT_3D('',#3515,#2851,#2852);
#2383=AXIS2_PLACEMENT_3D('',#3516,#2853,#2854);
#2384=AXIS2_PLACEMENT_3D('',#3517,#2855,#2856);
#2385=AXIS2_PLACEMENT_3D('',#3518,#2857,#2858);
#2386=AXIS2_PLACEMENT_3D('',#3519,#2859,#2860);
#2387=AXIS2_PLACEMENT_3D('',#3521,#2861,#2862);
#2388=AXIS2_PLACEMENT_3D('',#3523,#2863,#2864);
#2389=AXIS2_PLACEMENT_3D('',#3524,#2865,#2866);
#2390=AXIS2_PLACEMENT_3D('',#3526,#2867,#2868);
#2391=AXIS2_PLACEMENT_3D('',#3528,#2869,#2870);
#2392=AXIS2_PLACEMENT_3D('',#3529,#2871,#2872);
#2393=AXIS2_PLACEMENT_3D('',#3530,#2873,#2874);
#2394=AXIS2_PLACEMENT_3D('',#3531,#2875,#2876);
#2395=AXIS2_PLACEMENT_3D('',#3532,#2877,#2878);
#2396=AXIS2_PLACEMENT_3D('',#3534,#2879,#2880);
#2397=AXIS2_PLACEMENT_3D('',#3536,#2881,#2882);
#2398=AXIS2_PLACEMENT_3D('',#3537,#2883,#2884);
#2399=AXIS2_PLACEMENT_3D('',#3538,#2885,#2886);
#2400=AXIS2_PLACEMENT_3D('',#3539,#2887,#2888);
#2401=AXIS2_PLACEMENT_3D('',#3540,#2889,#2890);
#2402=AXIS2_PLACEMENT_3D('',#3542,#2891,#2892);
#2403=AXIS2_PLACEMENT_3D('',#3544,#2893,#2894);
#2404=AXIS2_PLACEMENT_3D('',#3545,#2895,#2896);
#2405=AXIS2_PLACEMENT_3D('',#3547,#2897,#2898);
#2406=AXIS2_PLACEMENT_3D('',#3549,#2899,#2900);
#2407=AXIS2_PLACEMENT_3D('',#3550,#2901,#2902);
#2408=AXIS2_PLACEMENT_3D('',#3551,#2903,#2904);
#2409=AXIS2_PLACEMENT_3D('',#3552,#2905,#2906);
#2410=AXIS2_PLACEMENT_3D('',#3553,#2907,#2908);
#2411=AXIS2_PLACEMENT_3D('',#3555,#2909,#2910);
#2412=AXIS2_PLACEMENT_3D('',#3557,#2911,#2912);
#2413=AXIS2_PLACEMENT_3D('',#3558,#2913,#2914);
#2414=AXIS2_PLACEMENT_3D('',#3559,#2915,#2916);
#2415=AXIS2_PLACEMENT_3D('',#3560,#2917,#2918);
#2416=AXIS2_PLACEMENT_3D('',#3561,#2919,#2920);
#2417=AXIS2_PLACEMENT_3D('',#3563,#2921,#2922);
#2418=AXIS2_PLACEMENT_3D('',#3565,#2923,#2924);
#2419=AXIS2_PLACEMENT_3D('',#3566,#2925,#2926);
#2420=AXIS2_PLACEMENT_3D('',#3567,#2927,#2928);
#2421=AXIS2_PLACEMENT_3D('',#3568,#2929,#2930);
#2422=AXIS2_PLACEMENT_3D('',#3569,#2931,#2932);
#2423=AXIS2_PLACEMENT_3D('',#3571,#2933,#2934);
#2424=AXIS2_PLACEMENT_3D('',#3573,#2935,#2936);
#2425=AXIS2_PLACEMENT_3D('',#3574,#2937,#2938);
#2426=AXIS2_PLACEMENT_3D('',#3576,#2939,#2940);
#2427=AXIS2_PLACEMENT_3D('',#3578,#2941,#2942);
#2428=AXIS2_PLACEMENT_3D('',#3579,#2943,#2944);
#2429=AXIS2_PLACEMENT_3D('',#3580,#2945,#2946);
#2430=AXIS2_PLACEMENT_3D('',#3581,#2947,#2948);
#2431=AXIS2_PLACEMENT_3D('',#3582,#2949,#2950);
#2432=AXIS2_PLACEMENT_3D('',#3584,#2951,#2952);
#2433=AXIS2_PLACEMENT_3D('',#3586,#2953,#2954);
#2434=AXIS2_PLACEMENT_3D('',#3587,#2955,#2956);
#2435=AXIS2_PLACEMENT_3D('',#3588,#2957,#2958);
#2436=AXIS2_PLACEMENT_3D('',#3589,#2959,#2960);
#2437=AXIS2_PLACEMENT_3D('',#3590,#2961,#2962);
#2438=AXIS2_PLACEMENT_3D('',#3592,#2963,#2964);
#2439=AXIS2_PLACEMENT_3D('',#3594,#2965,#2966);
#2440=AXIS2_PLACEMENT_3D('',#3595,#2967,#2968);
#2441=AXIS2_PLACEMENT_3D('',#3596,#2969,#2970);
#2442=AXIS2_PLACEMENT_3D('',#3597,#2971,#2972);
#2443=AXIS2_PLACEMENT_3D('',#3598,#2973,#2974);
#2444=AXIS2_PLACEMENT_3D('',#3600,#2975,#2976);
#2445=AXIS2_PLACEMENT_3D('',#3602,#2977,#2978);
#2446=AXIS2_PLACEMENT_3D('',#3603,#2979,#2980);
#2447=AXIS2_PLACEMENT_3D('',#3605,#2981,#2982);
#2448=AXIS2_PLACEMENT_3D('',#3607,#2983,#2984);
#2449=AXIS2_PLACEMENT_3D('',#3608,#2985,#2986);
#2450=AXIS2_PLACEMENT_3D('',#3609,#2987,#2988);
#2451=AXIS2_PLACEMENT_3D('',#3610,#2989,#2990);
#2452=AXIS2_PLACEMENT_3D('',#3611,#2991,#2992);
#2453=AXIS2_PLACEMENT_3D('',#3613,#2993,#2994);
#2454=AXIS2_PLACEMENT_3D('',#3615,#2995,#2996);
#2455=AXIS2_PLACEMENT_3D('',#3616,#2997,#2998);
#2456=AXIS2_PLACEMENT_3D('',#3617,#2999,#3000);
#2457=AXIS2_PLACEMENT_3D('',#3618,#3001,#3002);
#2458=AXIS2_PLACEMENT_3D('',#3619,#3003,#3004);
#2459=AXIS2_PLACEMENT_3D('',#3621,#3005,#3006);
#2460=AXIS2_PLACEMENT_3D('',#3623,#3007,#3008);
#2461=AXIS2_PLACEMENT_3D('',#3624,#3009,#3010);
#2462=AXIS2_PLACEMENT_3D('',#3625,#3011,#3012);
#2463=AXIS2_PLACEMENT_3D('',#3626,#3013,#3014);
#2464=AXIS2_PLACEMENT_3D('',#3627,#3015,#3016);
#2465=AXIS2_PLACEMENT_3D('',#3629,#3017,#3018);
#2466=AXIS2_PLACEMENT_3D('',#3631,#3019,#3020);
#2467=AXIS2_PLACEMENT_3D('',#3632,#3021,#3022);
#2468=AXIS2_PLACEMENT_3D('',#3634,#3023,#3024);
#2469=AXIS2_PLACEMENT_3D('',#3636,#3025,#3026);
#2470=AXIS2_PLACEMENT_3D('',#3637,#3027,#3028);
#2471=AXIS2_PLACEMENT_3D('',#3638,#3029,#3030);
#2472=AXIS2_PLACEMENT_3D('',#3639,#3031,#3032);
#2473=AXIS2_PLACEMENT_3D('',#3640,#3033,#3034);
#2474=AXIS2_PLACEMENT_3D('',#3642,#3035,#3036);
#2475=AXIS2_PLACEMENT_3D('',#3644,#3037,#3038);
#2476=AXIS2_PLACEMENT_3D('',#3645,#3039,#3040);
#2477=AXIS2_PLACEMENT_3D('',#3647,#3041,#3042);
#2478=AXIS2_PLACEMENT_3D('',#3649,#3043,#3044);
#2479=AXIS2_PLACEMENT_3D('',#3650,#3045,#3046);
#2480=AXIS2_PLACEMENT_3D('',#3651,#3047,#3048);
#2481=AXIS2_PLACEMENT_3D('',#3652,#3049,#3050);
#2482=AXIS2_PLACEMENT_3D('',#3653,#3051,#3052);
#2483=AXIS2_PLACEMENT_3D('',#3655,#3053,#3054);
#2484=AXIS2_PLACEMENT_3D('',#3657,#3055,#3056);
#2485=AXIS2_PLACEMENT_3D('',#3658,#3057,#3058);
#2486=AXIS2_PLACEMENT_3D('',#3659,#3059,#3060);
#2487=AXIS2_PLACEMENT_3D('',#3660,#3061,#3062);
#2488=AXIS2_PLACEMENT_3D('',#3661,#3063,#3064);
#2489=AXIS2_PLACEMENT_3D('',#3663,#3065,#3066);
#2490=AXIS2_PLACEMENT_3D('',#3665,#3067,#3068);
#2491=AXIS2_PLACEMENT_3D('',#3666,#3069,#3070);
#2492=AXIS2_PLACEMENT_3D('',#3667,#3071,#3072);
#2493=AXIS2_PLACEMENT_3D('',#3668,#3073,#3074);
#2494=AXIS2_PLACEMENT_3D('',#3669,#3075,#3076);
#2495=AXIS2_PLACEMENT_3D('',#3671,#3077,#3078);
#2496=AXIS2_PLACEMENT_3D('',#3673,#3079,#3080);
#2497=AXIS2_PLACEMENT_3D('',#3674,#3081,#3082);
#2498=AXIS2_PLACEMENT_3D('',#3676,#3083,#3084);
#2499=AXIS2_PLACEMENT_3D('',#3678,#3085,#3086);
#2500=AXIS2_PLACEMENT_3D('',#3679,#3087,#3088);
#2501=AXIS2_PLACEMENT_3D('',#3680,#3089,#3090);
#2502=AXIS2_PLACEMENT_3D('',#3681,#3091,#3092);
#2503=AXIS2_PLACEMENT_3D('',#3682,#3093,#3094);
#2504=AXIS2_PLACEMENT_3D('',#3684,#3095,#3096);
#2505=AXIS2_PLACEMENT_3D('',#3686,#3097,#3098);
#2506=AXIS2_PLACEMENT_3D('',#3687,#3099,#3100);
#2507=AXIS2_PLACEMENT_3D('',#3688,#3101,#3102);
#2508=AXIS2_PLACEMENT_3D('',#3689,#3103,#3104);
#2509=AXIS2_PLACEMENT_3D('',#3690,#3105,#3106);
#2510=AXIS2_PLACEMENT_3D('',#3692,#3107,#3108);
#2511=AXIS2_PLACEMENT_3D('',#3694,#3109,#3110);
#2512=AXIS2_PLACEMENT_3D('',#3695,#3111,#3112);
#2513=AXIS2_PLACEMENT_3D('',#3696,#3113,#3114);
#2514=AXIS2_PLACEMENT_3D('',#3697,#3115,#3116);
#2515=AXIS2_PLACEMENT_3D('',#3698,#3117,#3118);
#2516=AXIS2_PLACEMENT_3D('',#3700,#3119,#3120);
#2517=AXIS2_PLACEMENT_3D('',#3702,#3121,#3122);
#2518=AXIS2_PLACEMENT_3D('',#3703,#3123,#3124);
#2519=AXIS2_PLACEMENT_3D('',#3705,#3125,#3126);
#2520=AXIS2_PLACEMENT_3D('',#3707,#3127,#3128);
#2521=AXIS2_PLACEMENT_3D('',#3708,#3129,#3130);
#2522=AXIS2_PLACEMENT_3D('',#3709,#3131,#3132);
#2523=AXIS2_PLACEMENT_3D('',#3710,#3133,#3134);
#2524=AXIS2_PLACEMENT_3D('',#3711,#3135,#3136);
#2525=AXIS2_PLACEMENT_3D('',#3713,#3137,#3138);
#2526=AXIS2_PLACEMENT_3D('',#3715,#3139,#3140);
#2527=AXIS2_PLACEMENT_3D('',#3716,#3141,#3142);
#2528=AXIS2_PLACEMENT_3D('',#3717,#3143,#3144);
#2529=AXIS2_PLACEMENT_3D('',#3718,#3145,#3146);
#2530=AXIS2_PLACEMENT_3D('',#3719,#3147,#3148);
#2531=AXIS2_PLACEMENT_3D('',#3721,#3149,#3150);
#2532=AXIS2_PLACEMENT_3D('',#3723,#3151,#3152);
#2533=AXIS2_PLACEMENT_3D('',#3724,#3153,#3154);
#2534=AXIS2_PLACEMENT_3D('',#3725,#3155,#3156);
#2535=AXIS2_PLACEMENT_3D('',#3726,#3157,#3158);
#2536=AXIS2_PLACEMENT_3D('',#3727,#3159,#3160);
#2537=AXIS2_PLACEMENT_3D('',#3729,#3161,#3162);
#2538=AXIS2_PLACEMENT_3D('',#3731,#3163,#3164);
#2539=AXIS2_PLACEMENT_3D('',#3732,#3165,#3166);
#2540=AXIS2_PLACEMENT_3D('',#3733,#3167,#3168);
#2541=AXIS2_PLACEMENT_3D('',#3734,#3169,#3170);
#2542=AXIS2_PLACEMENT_3D('',#3735,#3171,#3172);
#2543=AXIS2_PLACEMENT_3D('',#3737,#3173,#3174);
#2544=AXIS2_PLACEMENT_3D('',#3739,#3175,#3176);
#2545=AXIS2_PLACEMENT_3D('',#3740,#3177,#3178);
#2546=AXIS2_PLACEMENT_3D('',#3742,#3179,#3180);
#2547=AXIS2_PLACEMENT_3D('',#3744,#3181,#3182);
#2548=AXIS2_PLACEMENT_3D('',#3745,#3183,#3184);
#2549=AXIS2_PLACEMENT_3D('',#3746,#3185,#3186);
#2550=AXIS2_PLACEMENT_3D('',#3747,#3187,#3188);
#2551=AXIS2_PLACEMENT_3D('',#3748,#3189,#3190);
#2552=AXIS2_PLACEMENT_3D('',#3750,#3191,#3192);
#2553=AXIS2_PLACEMENT_3D('',#3752,#3193,#3194);
#2554=AXIS2_PLACEMENT_3D('',#3753,#3195,#3196);
#2555=AXIS2_PLACEMENT_3D('',#3754,#3197,#3198);
#2556=AXIS2_PLACEMENT_3D('',#3755,#3199,#3200);
#2557=AXIS2_PLACEMENT_3D('',#3756,#3201,#3202);
#2558=AXIS2_PLACEMENT_3D('',#3758,#3203,#3204);
#2559=AXIS2_PLACEMENT_3D('',#3760,#3205,#3206);
#2560=AXIS2_PLACEMENT_3D('',#3761,#3207,#3208);
#2561=AXIS2_PLACEMENT_3D('',#3762,#3209,#3210);
#2562=AXIS2_PLACEMENT_3D('',#3763,#3211,#3212);
#2563=AXIS2_PLACEMENT_3D('',#3764,#3213,#3214);
#2564=AXIS2_PLACEMENT_3D('',#3766,#3215,#3216);
#2565=AXIS2_PLACEMENT_3D('',#3768,#3217,#3218);
#2566=AXIS2_PLACEMENT_3D('',#3769,#3219,#3220);
#2567=AXIS2_PLACEMENT_3D('',#3770,#3221,#3222);
#2568=AXIS2_PLACEMENT_3D('',#3771,#3223,#3224);
#2569=AXIS2_PLACEMENT_3D('',#3772,#3225,#3226);
#2570=AXIS2_PLACEMENT_3D('',#3774,#3227,#3228);
#2571=AXIS2_PLACEMENT_3D('',#3776,#3229,#3230);
#2572=AXIS2_PLACEMENT_3D('',#3777,#3231,#3232);
#2573=AXIS2_PLACEMENT_3D('',#3779,#3233,#3234);
#2574=AXIS2_PLACEMENT_3D('',#3781,#3235,#3236);
#2575=AXIS2_PLACEMENT_3D('',#3782,#3237,#3238);
#2576=AXIS2_PLACEMENT_3D('',#3783,#3239,#3240);
#2577=AXIS2_PLACEMENT_3D('',#3784,#3241,#3242);
#2578=AXIS2_PLACEMENT_3D('',#3785,#3243,#3244);
#2579=AXIS2_PLACEMENT_3D('',#3787,#3245,#3246);
#2580=AXIS2_PLACEMENT_3D('',#3789,#3247,#3248);
#2581=AXIS2_PLACEMENT_3D('',#3790,#3249,#3250);
#2582=AXIS2_PLACEMENT_3D('',#3791,#3251,#3252);
#2583=AXIS2_PLACEMENT_3D('',#3792,#3253,#3254);
#2584=AXIS2_PLACEMENT_3D('',#3793,#3255,#3256);
#2585=AXIS2_PLACEMENT_3D('',#3795,#3257,#3258);
#2586=AXIS2_PLACEMENT_3D('',#3797,#3259,#3260);
#2587=AXIS2_PLACEMENT_3D('',#3798,#3261,#3262);
#2588=AXIS2_PLACEMENT_3D('',#3799,#3263,#3264);
#2589=AXIS2_PLACEMENT_3D('',#3800,#3265,#3266);
#2590=AXIS2_PLACEMENT_3D('',#3801,#3267,#3268);
#2591=AXIS2_PLACEMENT_3D('',#3803,#3269,#3270);
#2592=AXIS2_PLACEMENT_3D('',#3805,#3271,#3272);
#2593=AXIS2_PLACEMENT_3D('',#3806,#3273,#3274);
#2594=AXIS2_PLACEMENT_3D('',#3807,#3275,#3276);
#2595=AXIS2_PLACEMENT_3D('',#3808,#3277,#3278);
#2596=AXIS2_PLACEMENT_3D('',#3809,#3279,#3280);
#2597=AXIS2_PLACEMENT_3D('',#3811,#3281,#3282);
#2598=AXIS2_PLACEMENT_3D('',#3813,#3283,#3284);
#2599=AXIS2_PLACEMENT_3D('',#3814,#3285,#3286);
#2600=AXIS2_PLACEMENT_3D('',#3816,#3287,#3288);
#2601=AXIS2_PLACEMENT_3D('',#3818,#3289,#3290);
#2602=AXIS2_PLACEMENT_3D('',#3819,#3291,#3292);
#2603=AXIS2_PLACEMENT_3D('',#3820,#3293,#3294);
#2604=AXIS2_PLACEMENT_3D('',#3821,#3295,#3296);
#2605=AXIS2_PLACEMENT_3D('',#3822,#3297,#3298);
#2606=AXIS2_PLACEMENT_3D('',#3824,#3299,#3300);
#2607=AXIS2_PLACEMENT_3D('',#3826,#3301,#3302);
#2608=AXIS2_PLACEMENT_3D('',#3827,#3303,#3304);
#2609=AXIS2_PLACEMENT_3D('',#3828,#3305,#3306);
#2610=AXIS2_PLACEMENT_3D('',#3829,#3307,#3308);
#2611=AXIS2_PLACEMENT_3D('',#3830,#3309,#3310);
#2612=AXIS2_PLACEMENT_3D('',#3832,#3311,#3312);
#2613=AXIS2_PLACEMENT_3D('',#3834,#3313,#3314);
#2614=AXIS2_PLACEMENT_3D('',#3835,#3315,#3316);
#2615=DIRECTION('',(0.,0.,1.));
#2616=DIRECTION('',(1.,0.,0.));
#2617=DIRECTION('',(0.,0.,-1.));
#2618=DIRECTION('',(-1.,0.,0.));
#2619=DIRECTION('',(0.,0.,1.));
#2620=DIRECTION('',(1.,0.,0.));
#2621=DIRECTION('',(0.,0.,1.));
#2622=DIRECTION('',(1.,0.,0.));
#2623=DIRECTION('',(0.,0.,-1.));
#2624=DIRECTION('',(-1.,0.,0.));
#2625=DIRECTION('',(0.,0.,1.));
#2626=DIRECTION('',(1.,0.,0.));
#2627=DIRECTION('',(0.,0.,1.));
#2628=DIRECTION('',(1.,0.,0.));
#2629=DIRECTION('',(0.,0.,1.));
#2630=DIRECTION('',(1.,0.,0.));
#2631=DIRECTION('',(0.,0.,1.));
#2632=DIRECTION('',(1.,0.,0.));
#2633=DIRECTION('',(0.,0.,1.));
#2634=DIRECTION('',(1.,0.,0.));
#2635=DIRECTION('',(0.,0.,1.));
#2636=DIRECTION('',(1.,0.,0.));
#2637=DIRECTION('',(0.,0.,1.));
#2638=DIRECTION('',(1.,0.,0.));
#2639=DIRECTION('',(0.,0.,1.));
#2640=DIRECTION('',(1.,0.,0.));
#2641=DIRECTION('',(0.,0.,1.));
#2642=DIRECTION('',(1.,0.,0.));
#2643=DIRECTION('',(0.,0.,1.));
#2644=DIRECTION('',(1.,0.,0.));
#2645=DIRECTION('',(0.,0.,1.));
#2646=DIRECTION('',(1.,0.,0.));
#2647=DIRECTION('',(0.,0.,1.));
#2648=DIRECTION('',(1.,0.,0.));
#2649=DIRECTION('',(0.,0.,1.));
#2650=DIRECTION('',(1.,0.,0.));
#2651=DIRECTION('',(0.,0.,1.));
#2652=DIRECTION('',(1.,0.,0.));
#2653=DIRECTION('',(0.,0.,1.));
#2654=DIRECTION('',(1.,0.,0.));
#2655=DIRECTION('',(0.,0.,1.));
#2656=DIRECTION('',(1.,0.,0.));
#2657=DIRECTION('',(0.,0.,1.));
#2658=DIRECTION('',(1.,0.,0.));
#2659=DIRECTION('',(0.,0.,1.));
#2660=DIRECTION('',(1.,0.,0.));
#2661=DIRECTION('',(0.,0.,1.));
#2662=DIRECTION('',(1.,0.,0.));
#2663=DIRECTION('',(0.,0.,1.));
#2664=DIRECTION('',(1.,0.,0.));
#2665=DIRECTION('',(0.,0.,-1.));
#2666=DIRECTION('',(-1.,0.,0.));
#2667=DIRECTION('',(0.,0.,1.));
#2668=DIRECTION('',(1.,0.,0.));
#2669=DIRECTION('',(0.,0.,1.));
#2670=DIRECTION('',(1.,0.,0.));
#2671=DIRECTION('',(0.,0.,-1.));
#2672=DIRECTION('',(-1.,0.,0.));
#2673=DIRECTION('',(0.,0.,1.));
#2674=DIRECTION('',(1.,0.,0.));
#2675=DIRECTION('',(0.,0.,1.));
#2676=DIRECTION('',(1.,0.,0.));
#2677=DIRECTION('',(0.,0.,1.));
#2678=DIRECTION('',(1.,0.,0.));
#2679=DIRECTION('',(0.,0.,1.));
#2680=DIRECTION('',(1.,0.,0.));
#2681=DIRECTION('',(0.,0.,1.));
#2682=DIRECTION('',(1.,0.,0.));
#2683=DIRECTION('',(0.,0.,1.));
#2684=DIRECTION('',(1.,0.,0.));
#2685=DIRECTION('',(0.,0.,1.));
#2686=DIRECTION('',(1.,0.,0.));
#2687=DIRECTION('',(0.,0.,1.));
#2688=DIRECTION('',(1.,0.,0.));
#2689=DIRECTION('',(0.,0.,1.));
#2690=DIRECTION('',(1.,0.,0.));
#2691=DIRECTION('',(0.,0.,1.));
#2692=DIRECTION('',(1.,0.,0.));
#2693=DIRECTION('',(0.,0.,1.));
#2694=DIRECTION('',(1.,0.,0.));
#2695=DIRECTION('',(0.,0.,1.));
#2696=DIRECTION('',(1.,0.,0.));
#2697=DIRECTION('',(0.,0.,1.));
#2698=DIRECTION('',(1.,0.,0.));
#2699=DIRECTION('',(0.,0.,1.));
#2700=DIRECTION('',(1.,0.,0.));
#2701=DIRECTION('',(8.79036440716672E-17,-1.,0.));
#2702=DIRECTION('',(1.,8.79036440716672E-17,0.));
#2703=DIRECTION('',(0.,0.,-1.));
#2704=DIRECTION('',(-1.,-8.79036440716672E-17,0.));
#2705=DIRECTION('',(0.,0.,-1.));
#2706=DIRECTION('',(-1.,-8.79036440716672E-17,0.));
#2707=DIRECTION('',(-1.,-2.1350442781253E-16,0.));
#2708=DIRECTION('',(2.1350442781253E-16,-1.,0.));
#2709=DIRECTION('',(-2.1350442781253E-16,1.,0.));
#2710=DIRECTION('',(0.,0.,-1.));
#2711=DIRECTION('',(-2.1350442781253E-16,1.,0.));
#2712=DIRECTION('',(1.31855466107501E-16,-1.,0.));
#2713=DIRECTION('',(1.,1.31855466107501E-16,0.));
#2714=DIRECTION('',(-1.,-1.31855466107501E-16,0.));
#2715=DIRECTION('',(0.,0.,-1.));
#2716=DIRECTION('',(-1.,-1.31855466107501E-16,0.));
#2717=DIRECTION('',(1.,0.,0.));
#2718=DIRECTION('',(0.,0.,-1.));
#2719=DIRECTION('',(0.,-1.,0.));
#2720=DIRECTION('',(0.,0.,-1.));
#2721=DIRECTION('',(0.,-1.,0.));
#2722=DIRECTION('',(0.,0.,-1.));
#2723=DIRECTION('',(0.,1.,0.));
#2724=DIRECTION('',(0.,0.,1.));
#2725=DIRECTION('',(1.,0.,0.));
#2726=DIRECTION('',(0.,0.,-1.));
#2727=DIRECTION('',(1.,0.,0.));
#2728=DIRECTION('',(1.,0.,0.));
#2729=DIRECTION('',(0.,0.,-1.));
#2730=DIRECTION('',(0.,-1.,0.));
#2731=DIRECTION('',(0.,0.,-1.));
#2732=DIRECTION('',(0.,-1.,0.));
#2733=DIRECTION('',(0.,1.,0.));
#2734=DIRECTION('',(0.,0.,1.));
#2735=DIRECTION('',(1.,0.,0.));
#2736=DIRECTION('',(1.,0.,0.));
#2737=DIRECTION('',(-1.,-2.1350442781253E-16,0.));
#2738=DIRECTION('',(2.1350442781253E-16,-1.,0.));
#2739=DIRECTION('',(-2.1350442781253E-16,1.,0.));
#2740=DIRECTION('',(-2.1350442781253E-16,1.,0.));
#2741=DIRECTION('',(0.,0.,1.));
#2742=DIRECTION('',(1.,0.,0.));
#2743=DIRECTION('',(0.,0.,1.));
#2744=DIRECTION('',(1.,0.,0.));
#2745=DIRECTION('',(0.,0.,1.));
#2746=DIRECTION('',(1.,0.,0.));
#2747=DIRECTION('',(0.,0.,1.));
#2748=DIRECTION('',(1.,0.,0.));
#2749=DIRECTION('',(0.,0.,1.));
#2750=DIRECTION('',(1.,0.,0.));
#2751=DIRECTION('',(0.,0.,1.));
#2752=DIRECTION('',(1.,0.,0.));
#2753=DIRECTION('',(0.,0.,1.));
#2754=DIRECTION('',(1.,0.,0.));
#2755=DIRECTION('',(0.,0.,1.));
#2756=DIRECTION('',(1.,0.,0.));
#2757=DIRECTION('',(0.,0.,1.));
#2758=DIRECTION('',(1.,0.,0.));
#2759=DIRECTION('',(0.,0.,1.));
#2760=DIRECTION('',(1.,0.,0.));
#2761=DIRECTION('',(0.,0.,1.));
#2762=DIRECTION('',(1.,0.,0.));
#2763=DIRECTION('',(0.,0.,1.));
#2764=DIRECTION('',(1.,0.,0.));
#2765=DIRECTION('',(0.,0.,1.));
#2766=DIRECTION('',(1.,0.,0.));
#2767=DIRECTION('',(0.,0.,1.));
#2768=DIRECTION('',(1.,0.,0.));
#2769=DIRECTION('',(0.,0.,1.));
#2770=DIRECTION('',(1.,0.,0.));
#2771=DIRECTION('',(0.,0.,1.));
#2772=DIRECTION('',(1.,0.,0.));
#2773=DIRECTION('',(0.,0.,1.));
#2774=DIRECTION('',(1.,0.,0.));
#2775=DIRECTION('',(0.,0.,1.));
#2776=DIRECTION('',(1.,0.,0.));
#2777=DIRECTION('',(0.,0.,1.));
#2778=DIRECTION('',(1.,0.,0.));
#2779=DIRECTION('',(0.,0.,1.));
#2780=DIRECTION('',(1.,0.,0.));
#2781=DIRECTION('',(0.,0.,1.));
#2782=DIRECTION('',(1.,0.,0.));
#2783=DIRECTION('',(0.,0.,1.));
#2784=DIRECTION('',(1.,0.,0.));
#2785=DIRECTION('',(0.,0.,1.));
#2786=DIRECTION('',(1.,0.,0.));
#2787=DIRECTION('',(0.,0.,1.));
#2788=DIRECTION('',(1.,0.,0.));
#2789=DIRECTION('',(0.,0.,1.));
#2790=DIRECTION('',(1.,0.,0.));
#2791=DIRECTION('',(0.,0.,1.));
#2792=DIRECTION('',(1.,0.,0.));
#2793=DIRECTION('',(0.,0.,1.));
#2794=DIRECTION('',(1.,0.,0.));
#2795=DIRECTION('',(0.,0.,1.));
#2796=DIRECTION('',(1.,0.,0.));
#2797=DIRECTION('',(0.,0.,1.));
#2798=DIRECTION('',(1.,0.,0.));
#2799=DIRECTION('',(0.,0.,1.));
#2800=DIRECTION('',(1.,0.,0.));
#2801=DIRECTION('',(0.,0.,1.));
#2802=DIRECTION('',(1.,0.,0.));
#2803=DIRECTION('',(0.,0.,1.));
#2804=DIRECTION('',(1.,0.,0.));
#2805=DIRECTION('',(0.,0.,1.));
#2806=DIRECTION('',(1.,0.,0.));
#2807=DIRECTION('',(0.,0.,1.));
#2808=DIRECTION('',(1.,0.,0.));
#2809=DIRECTION('',(0.,0.,1.));
#2810=DIRECTION('',(1.,0.,0.));
#2811=DIRECTION('',(0.,0.,1.));
#2812=DIRECTION('',(1.,0.,0.));
#2813=DIRECTION('',(0.,0.,1.));
#2814=DIRECTION('',(1.,0.,0.));
#2815=DIRECTION('',(0.,0.,1.));
#2816=DIRECTION('',(1.,0.,0.));
#2817=DIRECTION('',(0.,0.,1.));
#2818=DIRECTION('',(1.,0.,0.));
#2819=DIRECTION('',(0.,0.,1.));
#2820=DIRECTION('',(1.,0.,0.));
#2821=DIRECTION('',(0.,0.,1.));
#2822=DIRECTION('',(1.,0.,0.));
#2823=DIRECTION('',(0.,0.,1.));
#2824=DIRECTION('',(1.,0.,0.));
#2825=DIRECTION('',(0.,0.,1.));
#2826=DIRECTION('',(1.,0.,0.));
#2827=DIRECTION('',(0.,0.,1.));
#2828=DIRECTION('',(1.,0.,0.));
#2829=DIRECTION('',(0.,0.,1.));
#2830=DIRECTION('',(1.,0.,0.));
#2831=DIRECTION('',(0.,0.,1.));
#2832=DIRECTION('',(1.,0.,0.));
#2833=DIRECTION('',(0.,0.,1.));
#2834=DIRECTION('',(1.,0.,0.));
#2835=DIRECTION('',(0.,0.,1.));
#2836=DIRECTION('',(1.,0.,0.));
#2837=DIRECTION('',(0.,0.,1.));
#2838=DIRECTION('',(1.,0.,0.));
#2839=DIRECTION('',(0.,0.,1.));
#2840=DIRECTION('',(1.,0.,0.));
#2841=DIRECTION('',(0.,0.,1.));
#2842=DIRECTION('',(1.,0.,0.));
#2843=DIRECTION('',(0.,0.,1.));
#2844=DIRECTION('',(1.,0.,0.));
#2845=DIRECTION('',(0.,0.,-1.));
#2846=DIRECTION('',(-1.,0.,0.));
#2847=DIRECTION('',(0.,0.,1.));
#2848=DIRECTION('',(1.,0.,0.));
#2849=DIRECTION('',(0.,0.,1.));
#2850=DIRECTION('',(1.,0.,0.));
#2851=DIRECTION('',(0.,0.,1.));
#2852=DIRECTION('',(1.,0.,0.));
#2853=DIRECTION('',(0.,0.,1.));
#2854=DIRECTION('',(1.,0.,0.));
#2855=DIRECTION('',(0.,0.,1.));
#2856=DIRECTION('',(1.,0.,0.));
#2857=DIRECTION('',(0.,0.,1.));
#2858=DIRECTION('',(1.,0.,0.));
#2859=DIRECTION('',(0.,0.,1.));
#2860=DIRECTION('',(1.,0.,0.));
#2861=DIRECTION('',(0.,0.,1.));
#2862=DIRECTION('',(1.,0.,0.));
#2863=DIRECTION('',(0.,0.,1.));
#2864=DIRECTION('',(1.,0.,0.));
#2865=DIRECTION('',(0.,0.,1.));
#2866=DIRECTION('',(1.,0.,0.));
#2867=DIRECTION('',(0.,0.,1.));
#2868=DIRECTION('',(1.,0.,0.));
#2869=DIRECTION('',(0.,0.,1.));
#2870=DIRECTION('',(1.,0.,0.));
#2871=DIRECTION('',(0.,0.,1.));
#2872=DIRECTION('',(1.,0.,0.));
#2873=DIRECTION('',(0.,0.,1.));
#2874=DIRECTION('',(1.,0.,0.));
#2875=DIRECTION('',(0.,0.,-1.));
#2876=DIRECTION('',(-1.,0.,0.));
#2877=DIRECTION('',(0.,0.,1.));
#2878=DIRECTION('',(1.,0.,0.));
#2879=DIRECTION('',(0.,0.,1.));
#2880=DIRECTION('',(1.,0.,0.));
#2881=DIRECTION('',(0.,0.,1.));
#2882=DIRECTION('',(1.,0.,0.));
#2883=DIRECTION('',(0.,0.,1.));
#2884=DIRECTION('',(1.,0.,0.));
#2885=DIRECTION('',(0.,0.,1.));
#2886=DIRECTION('',(1.,0.,0.));
#2887=DIRECTION('',(0.,0.,1.));
#2888=DIRECTION('',(1.,0.,0.));
#2889=DIRECTION('',(0.,0.,1.));
#2890=DIRECTION('',(1.,0.,0.));
#2891=DIRECTION('',(0.,0.,1.));
#2892=DIRECTION('',(1.,0.,0.));
#2893=DIRECTION('',(0.,0.,1.));
#2894=DIRECTION('',(1.,0.,0.));
#2895=DIRECTION('',(0.,0.,1.));
#2896=DIRECTION('',(1.,0.,0.));
#2897=DIRECTION('',(0.,0.,1.));
#2898=DIRECTION('',(1.,0.,0.));
#2899=DIRECTION('',(0.,0.,1.));
#2900=DIRECTION('',(1.,0.,0.));
#2901=DIRECTION('',(0.,0.,1.));
#2902=DIRECTION('',(1.,0.,0.));
#2903=DIRECTION('',(0.,0.,1.));
#2904=DIRECTION('',(1.,0.,0.));
#2905=DIRECTION('',(0.,0.,-1.));
#2906=DIRECTION('',(-1.,0.,0.));
#2907=DIRECTION('',(0.,0.,1.));
#2908=DIRECTION('',(1.,0.,0.));
#2909=DIRECTION('',(0.,0.,1.));
#2910=DIRECTION('',(1.,0.,0.));
#2911=DIRECTION('',(0.,0.,1.));
#2912=DIRECTION('',(1.,0.,0.));
#2913=DIRECTION('',(0.,0.,1.));
#2914=DIRECTION('',(1.,0.,0.));
#2915=DIRECTION('',(0.,0.,1.));
#2916=DIRECTION('',(1.,0.,0.));
#2917=DIRECTION('',(0.,0.,-1.));
#2918=DIRECTION('',(-1.,0.,0.));
#2919=DIRECTION('',(0.,0.,1.));
#2920=DIRECTION('',(1.,0.,0.));
#2921=DIRECTION('',(0.,0.,1.));
#2922=DIRECTION('',(1.,0.,0.));
#2923=DIRECTION('',(0.,0.,1.));
#2924=DIRECTION('',(1.,0.,0.));
#2925=DIRECTION('',(0.,0.,1.));
#2926=DIRECTION('',(1.,0.,0.));
#2927=DIRECTION('',(0.,0.,1.));
#2928=DIRECTION('',(1.,0.,0.));
#2929=DIRECTION('',(0.,0.,1.));
#2930=DIRECTION('',(1.,0.,0.));
#2931=DIRECTION('',(0.,0.,1.));
#2932=DIRECTION('',(1.,0.,0.));
#2933=DIRECTION('',(0.,0.,1.));
#2934=DIRECTION('',(1.,0.,0.));
#2935=DIRECTION('',(0.,0.,1.));
#2936=DIRECTION('',(1.,0.,0.));
#2937=DIRECTION('',(0.,0.,1.));
#2938=DIRECTION('',(1.,0.,0.));
#2939=DIRECTION('',(0.,0.,1.));
#2940=DIRECTION('',(1.,0.,0.));
#2941=DIRECTION('',(0.,0.,1.));
#2942=DIRECTION('',(1.,0.,0.));
#2943=DIRECTION('',(0.,0.,1.));
#2944=DIRECTION('',(1.,0.,0.));
#2945=DIRECTION('',(0.,0.,1.));
#2946=DIRECTION('',(1.,0.,0.));
#2947=DIRECTION('',(0.,0.,-1.));
#2948=DIRECTION('',(-1.,0.,0.));
#2949=DIRECTION('',(0.,0.,1.));
#2950=DIRECTION('',(1.,0.,0.));
#2951=DIRECTION('',(0.,0.,1.));
#2952=DIRECTION('',(1.,0.,0.));
#2953=DIRECTION('',(0.,0.,1.));
#2954=DIRECTION('',(1.,0.,0.));
#2955=DIRECTION('',(0.,0.,1.));
#2956=DIRECTION('',(1.,0.,0.));
#2957=DIRECTION('',(0.,0.,1.));
#2958=DIRECTION('',(1.,0.,0.));
#2959=DIRECTION('',(0.,0.,-1.));
#2960=DIRECTION('',(-1.,0.,0.));
#2961=DIRECTION('',(0.,0.,1.));
#2962=DIRECTION('',(1.,0.,0.));
#2963=DIRECTION('',(0.,0.,1.));
#2964=DIRECTION('',(1.,0.,0.));
#2965=DIRECTION('',(0.,0.,1.));
#2966=DIRECTION('',(1.,0.,0.));
#2967=DIRECTION('',(0.,0.,1.));
#2968=DIRECTION('',(1.,0.,0.));
#2969=DIRECTION('',(0.,0.,1.));
#2970=DIRECTION('',(1.,0.,0.));
#2971=DIRECTION('',(0.,0.,1.));
#2972=DIRECTION('',(1.,0.,0.));
#2973=DIRECTION('',(0.,0.,1.));
#2974=DIRECTION('',(1.,0.,0.));
#2975=DIRECTION('',(0.,0.,1.));
#2976=DIRECTION('',(1.,0.,0.));
#2977=DIRECTION('',(0.,0.,1.));
#2978=DIRECTION('',(1.,0.,0.));
#2979=DIRECTION('',(0.,0.,1.));
#2980=DIRECTION('',(1.,0.,0.));
#2981=DIRECTION('',(0.,0.,1.));
#2982=DIRECTION('',(1.,0.,0.));
#2983=DIRECTION('',(0.,0.,1.));
#2984=DIRECTION('',(1.,0.,0.));
#2985=DIRECTION('',(0.,0.,1.));
#2986=DIRECTION('',(1.,0.,0.));
#2987=DIRECTION('',(0.,0.,1.));
#2988=DIRECTION('',(1.,0.,0.));
#2989=DIRECTION('',(0.,0.,-1.));
#2990=DIRECTION('',(-1.,0.,0.));
#2991=DIRECTION('',(0.,0.,1.));
#2992=DIRECTION('',(1.,0.,0.));
#2993=DIRECTION('',(0.,0.,1.));
#2994=DIRECTION('',(1.,0.,0.));
#2995=DIRECTION('',(0.,0.,1.));
#2996=DIRECTION('',(1.,0.,0.));
#2997=DIRECTION('',(0.,0.,1.));
#2998=DIRECTION('',(1.,0.,0.));
#2999=DIRECTION('',(0.,0.,1.));
#3000=DIRECTION('',(1.,0.,0.));
#3001=DIRECTION('',(0.,0.,-1.));
#3002=DIRECTION('',(-1.,0.,0.));
#3003=DIRECTION('',(0.,0.,1.));
#3004=DIRECTION('',(1.,0.,0.));
#3005=DIRECTION('',(0.,0.,1.));
#3006=DIRECTION('',(1.,0.,0.));
#3007=DIRECTION('',(0.,0.,1.));
#3008=DIRECTION('',(1.,0.,0.));
#3009=DIRECTION('',(0.,0.,1.));
#3010=DIRECTION('',(1.,0.,0.));
#3011=DIRECTION('',(0.,0.,1.));
#3012=DIRECTION('',(1.,0.,0.));
#3013=DIRECTION('',(0.,0.,1.));
#3014=DIRECTION('',(1.,0.,0.));
#3015=DIRECTION('',(0.,0.,1.));
#3016=DIRECTION('',(1.,0.,0.));
#3017=DIRECTION('',(0.,0.,1.));
#3018=DIRECTION('',(1.,0.,0.));
#3019=DIRECTION('',(0.,0.,1.));
#3020=DIRECTION('',(1.,0.,0.));
#3021=DIRECTION('',(0.,0.,1.));
#3022=DIRECTION('',(1.,0.,0.));
#3023=DIRECTION('',(0.,0.,1.));
#3024=DIRECTION('',(1.,0.,0.));
#3025=DIRECTION('',(0.,0.,1.));
#3026=DIRECTION('',(1.,0.,0.));
#3027=DIRECTION('',(0.,0.,1.));
#3028=DIRECTION('',(1.,0.,0.));
#3029=DIRECTION('',(0.,0.,1.));
#3030=DIRECTION('',(1.,0.,0.));
#3031=DIRECTION('',(0.,0.,-1.));
#3032=DIRECTION('',(-1.,0.,0.));
#3033=DIRECTION('',(0.,0.,1.));
#3034=DIRECTION('',(1.,0.,0.));
#3035=DIRECTION('',(0.,0.,1.));
#3036=DIRECTION('',(1.,0.,0.));
#3037=DIRECTION('',(0.,0.,-1.));
#3038=DIRECTION('',(-1.,0.,0.));
#3039=DIRECTION('',(0.,0.,1.));
#3040=DIRECTION('',(1.,0.,0.));
#3041=DIRECTION('',(0.,0.,1.));
#3042=DIRECTION('',(1.,0.,0.));
#3043=DIRECTION('',(0.,0.,1.));
#3044=DIRECTION('',(1.,0.,0.));
#3045=DIRECTION('',(0.,0.,1.));
#3046=DIRECTION('',(1.,0.,0.));
#3047=DIRECTION('',(0.,0.,1.));
#3048=DIRECTION('',(1.,0.,0.));
#3049=DIRECTION('',(0.,0.,1.));
#3050=DIRECTION('',(1.,0.,0.));
#3051=DIRECTION('',(0.,0.,1.));
#3052=DIRECTION('',(1.,0.,0.));
#3053=DIRECTION('',(0.,0.,1.));
#3054=DIRECTION('',(1.,0.,0.));
#3055=DIRECTION('',(0.,0.,1.));
#3056=DIRECTION('',(1.,0.,0.));
#3057=DIRECTION('',(0.,0.,1.));
#3058=DIRECTION('',(1.,0.,0.));
#3059=DIRECTION('',(0.,0.,1.));
#3060=DIRECTION('',(1.,0.,0.));
#3061=DIRECTION('',(0.,0.,1.));
#3062=DIRECTION('',(1.,0.,0.));
#3063=DIRECTION('',(0.,0.,1.));
#3064=DIRECTION('',(1.,0.,0.));
#3065=DIRECTION('',(0.,0.,1.));
#3066=DIRECTION('',(1.,0.,0.));
#3067=DIRECTION('',(0.,0.,1.));
#3068=DIRECTION('',(1.,0.,0.));
#3069=DIRECTION('',(0.,0.,1.));
#3070=DIRECTION('',(1.,0.,0.));
#3071=DIRECTION('',(0.,0.,1.));
#3072=DIRECTION('',(1.,0.,0.));
#3073=DIRECTION('',(0.,0.,-1.));
#3074=DIRECTION('',(-1.,0.,0.));
#3075=DIRECTION('',(0.,0.,1.));
#3076=DIRECTION('',(1.,0.,0.));
#3077=DIRECTION('',(0.,0.,1.));
#3078=DIRECTION('',(1.,0.,0.));
#3079=DIRECTION('',(0.,0.,-1.));
#3080=DIRECTION('',(-1.,0.,0.));
#3081=DIRECTION('',(0.,0.,1.));
#3082=DIRECTION('',(1.,0.,0.));
#3083=DIRECTION('',(0.,0.,1.));
#3084=DIRECTION('',(1.,0.,0.));
#3085=DIRECTION('',(0.,0.,1.));
#3086=DIRECTION('',(1.,0.,0.));
#3087=DIRECTION('',(0.,0.,1.));
#3088=DIRECTION('',(1.,0.,0.));
#3089=DIRECTION('',(0.,0.,1.));
#3090=DIRECTION('',(1.,0.,0.));
#3091=DIRECTION('',(0.,0.,1.));
#3092=DIRECTION('',(1.,0.,0.));
#3093=DIRECTION('',(0.,0.,1.));
#3094=DIRECTION('',(1.,0.,0.));
#3095=DIRECTION('',(0.,0.,1.));
#3096=DIRECTION('',(1.,0.,0.));
#3097=DIRECTION('',(0.,0.,1.));
#3098=DIRECTION('',(1.,0.,0.));
#3099=DIRECTION('',(0.,0.,1.));
#3100=DIRECTION('',(1.,0.,0.));
#3101=DIRECTION('',(0.,0.,1.));
#3102=DIRECTION('',(1.,0.,0.));
#3103=DIRECTION('',(0.,0.,1.));
#3104=DIRECTION('',(1.,0.,0.));
#3105=DIRECTION('',(0.,0.,1.));
#3106=DIRECTION('',(1.,0.,0.));
#3107=DIRECTION('',(0.,0.,1.));
#3108=DIRECTION('',(1.,0.,0.));
#3109=DIRECTION('',(0.,0.,1.));
#3110=DIRECTION('',(1.,0.,0.));
#3111=DIRECTION('',(0.,0.,1.));
#3112=DIRECTION('',(1.,0.,0.));
#3113=DIRECTION('',(0.,0.,1.));
#3114=DIRECTION('',(1.,0.,0.));
#3115=DIRECTION('',(0.,0.,-1.));
#3116=DIRECTION('',(-1.,0.,0.));
#3117=DIRECTION('',(0.,0.,1.));
#3118=DIRECTION('',(1.,0.,0.));
#3119=DIRECTION('',(0.,0.,1.));
#3120=DIRECTION('',(1.,0.,0.));
#3121=DIRECTION('',(0.,0.,-1.));
#3122=DIRECTION('',(-1.,0.,0.));
#3123=DIRECTION('',(0.,0.,1.));
#3124=DIRECTION('',(1.,0.,0.));
#3125=DIRECTION('',(0.,0.,1.));
#3126=DIRECTION('',(1.,0.,0.));
#3127=DIRECTION('',(0.,0.,1.));
#3128=DIRECTION('',(1.,0.,0.));
#3129=DIRECTION('',(0.,0.,1.));
#3130=DIRECTION('',(1.,0.,0.));
#3131=DIRECTION('',(0.,0.,1.));
#3132=DIRECTION('',(1.,0.,0.));
#3133=DIRECTION('',(0.,0.,1.));
#3134=DIRECTION('',(1.,0.,0.));
#3135=DIRECTION('',(0.,0.,1.));
#3136=DIRECTION('',(1.,0.,0.));
#3137=DIRECTION('',(0.,0.,1.));
#3138=DIRECTION('',(1.,0.,0.));
#3139=DIRECTION('',(0.,0.,1.));
#3140=DIRECTION('',(1.,0.,0.));
#3141=DIRECTION('',(0.,0.,1.));
#3142=DIRECTION('',(1.,0.,0.));
#3143=DIRECTION('',(0.,0.,1.));
#3144=DIRECTION('',(1.,0.,0.));
#3145=DIRECTION('',(0.,0.,1.));
#3146=DIRECTION('',(1.,0.,0.));
#3147=DIRECTION('',(0.,0.,1.));
#3148=DIRECTION('',(1.,0.,0.));
#3149=DIRECTION('',(0.,0.,1.));
#3150=DIRECTION('',(1.,0.,0.));
#3151=DIRECTION('',(0.,0.,1.));
#3152=DIRECTION('',(1.,0.,0.));
#3153=DIRECTION('',(0.,0.,1.));
#3154=DIRECTION('',(1.,0.,0.));
#3155=DIRECTION('',(0.,0.,1.));
#3156=DIRECTION('',(1.,0.,0.));
#3157=DIRECTION('',(0.,0.,1.));
#3158=DIRECTION('',(1.,0.,0.));
#3159=DIRECTION('',(0.,0.,1.));
#3160=DIRECTION('',(1.,0.,0.));
#3161=DIRECTION('',(0.,0.,1.));
#3162=DIRECTION('',(1.,0.,0.));
#3163=DIRECTION('',(0.,0.,1.));
#3164=DIRECTION('',(1.,0.,0.));
#3165=DIRECTION('',(0.,0.,1.));
#3166=DIRECTION('',(1.,0.,0.));
#3167=DIRECTION('',(0.,0.,1.));
#3168=DIRECTION('',(1.,0.,0.));
#3169=DIRECTION('',(0.,0.,-1.));
#3170=DIRECTION('',(-1.,0.,0.));
#3171=DIRECTION('',(0.,0.,1.));
#3172=DIRECTION('',(1.,0.,0.));
#3173=DIRECTION('',(0.,0.,1.));
#3174=DIRECTION('',(1.,0.,0.));
#3175=DIRECTION('',(0.,0.,-1.));
#3176=DIRECTION('',(-1.,0.,0.));
#3177=DIRECTION('',(0.,0.,1.));
#3178=DIRECTION('',(1.,0.,0.));
#3179=DIRECTION('',(0.,0.,1.));
#3180=DIRECTION('',(1.,0.,0.));
#3181=DIRECTION('',(0.,0.,1.));
#3182=DIRECTION('',(1.,0.,0.));
#3183=DIRECTION('',(0.,0.,1.));
#3184=DIRECTION('',(1.,0.,0.));
#3185=DIRECTION('',(0.,0.,1.));
#3186=DIRECTION('',(1.,0.,0.));
#3187=DIRECTION('',(0.,0.,1.));
#3188=DIRECTION('',(1.,0.,0.));
#3189=DIRECTION('',(0.,0.,1.));
#3190=DIRECTION('',(1.,0.,0.));
#3191=DIRECTION('',(0.,0.,1.));
#3192=DIRECTION('',(1.,0.,0.));
#3193=DIRECTION('',(0.,0.,1.));
#3194=DIRECTION('',(1.,0.,0.));
#3195=DIRECTION('',(0.,0.,1.));
#3196=DIRECTION('',(1.,0.,0.));
#3197=DIRECTION('',(0.,0.,1.));
#3198=DIRECTION('',(1.,0.,0.));
#3199=DIRECTION('',(0.,0.,1.));
#3200=DIRECTION('',(1.,0.,0.));
#3201=DIRECTION('',(0.,0.,1.));
#3202=DIRECTION('',(1.,0.,0.));
#3203=DIRECTION('',(0.,0.,1.));
#3204=DIRECTION('',(1.,0.,0.));
#3205=DIRECTION('',(0.,0.,1.));
#3206=DIRECTION('',(1.,0.,0.));
#3207=DIRECTION('',(0.,0.,1.));
#3208=DIRECTION('',(1.,0.,0.));
#3209=DIRECTION('',(0.,0.,1.));
#3210=DIRECTION('',(1.,0.,0.));
#3211=DIRECTION('',(0.,0.,1.));
#3212=DIRECTION('',(1.,0.,0.));
#3213=DIRECTION('',(0.,0.,1.));
#3214=DIRECTION('',(1.,0.,0.));
#3215=DIRECTION('',(0.,0.,1.));
#3216=DIRECTION('',(1.,0.,0.));
#3217=DIRECTION('',(0.,0.,1.));
#3218=DIRECTION('',(1.,0.,0.));
#3219=DIRECTION('',(0.,0.,1.));
#3220=DIRECTION('',(1.,0.,0.));
#3221=DIRECTION('',(0.,0.,1.));
#3222=DIRECTION('',(1.,0.,0.));
#3223=DIRECTION('',(0.,0.,-1.));
#3224=DIRECTION('',(-1.,0.,0.));
#3225=DIRECTION('',(0.,0.,1.));
#3226=DIRECTION('',(1.,0.,0.));
#3227=DIRECTION('',(0.,0.,1.));
#3228=DIRECTION('',(1.,0.,0.));
#3229=DIRECTION('',(0.,0.,-1.));
#3230=DIRECTION('',(-1.,0.,0.));
#3231=DIRECTION('',(0.,0.,1.));
#3232=DIRECTION('',(1.,0.,0.));
#3233=DIRECTION('',(0.,0.,1.));
#3234=DIRECTION('',(1.,0.,0.));
#3235=DIRECTION('',(0.,0.,1.));
#3236=DIRECTION('',(1.,0.,0.));
#3237=DIRECTION('',(0.,0.,1.));
#3238=DIRECTION('',(1.,0.,0.));
#3239=DIRECTION('',(0.,0.,1.));
#3240=DIRECTION('',(1.,0.,0.));
#3241=DIRECTION('',(0.,0.,1.));
#3242=DIRECTION('',(1.,0.,0.));
#3243=DIRECTION('',(0.,0.,1.));
#3244=DIRECTION('',(1.,0.,0.));
#3245=DIRECTION('',(0.,0.,1.));
#3246=DIRECTION('',(1.,0.,0.));
#3247=DIRECTION('',(0.,0.,1.));
#3248=DIRECTION('',(1.,0.,0.));
#3249=DIRECTION('',(0.,0.,1.));
#3250=DIRECTION('',(1.,0.,0.));
#3251=DIRECTION('',(0.,0.,1.));
#3252=DIRECTION('',(1.,0.,0.));
#3253=DIRECTION('',(0.,0.,1.));
#3254=DIRECTION('',(1.,0.,0.));
#3255=DIRECTION('',(0.,0.,1.));
#3256=DIRECTION('',(1.,0.,0.));
#3257=DIRECTION('',(0.,0.,1.));
#3258=DIRECTION('',(1.,0.,0.));
#3259=DIRECTION('',(0.,0.,1.));
#3260=DIRECTION('',(1.,0.,0.));
#3261=DIRECTION('',(0.,0.,1.));
#3262=DIRECTION('',(1.,0.,0.));
#3263=DIRECTION('',(0.,0.,1.));
#3264=DIRECTION('',(1.,0.,0.));
#3265=DIRECTION('',(0.,0.,1.));
#3266=DIRECTION('',(1.,0.,0.));
#3267=DIRECTION('',(0.,0.,1.));
#3268=DIRECTION('',(1.,0.,0.));
#3269=DIRECTION('',(0.,0.,1.));
#3270=DIRECTION('',(1.,0.,0.));
#3271=DIRECTION('',(0.,0.,1.));
#3272=DIRECTION('',(1.,0.,0.));
#3273=DIRECTION('',(0.,0.,1.));
#3274=DIRECTION('',(1.,0.,0.));
#3275=DIRECTION('',(0.,0.,1.));
#3276=DIRECTION('',(1.,0.,0.));
#3277=DIRECTION('',(0.,0.,-1.));
#3278=DIRECTION('',(-1.,0.,0.));
#3279=DIRECTION('',(0.,0.,1.));
#3280=DIRECTION('',(1.,0.,0.));
#3281=DIRECTION('',(0.,0.,1.));
#3282=DIRECTION('',(1.,0.,0.));
#3283=DIRECTION('',(0.,0.,-1.));
#3284=DIRECTION('',(-1.,0.,0.));
#3285=DIRECTION('',(0.,0.,1.));
#3286=DIRECTION('',(1.,0.,0.));
#3287=DIRECTION('',(0.,0.,1.));
#3288=DIRECTION('',(1.,0.,0.));
#3289=DIRECTION('',(0.,0.,1.));
#3290=DIRECTION('',(1.,0.,0.));
#3291=DIRECTION('',(0.,0.,1.));
#3292=DIRECTION('',(1.,0.,0.));
#3293=DIRECTION('',(0.,0.,1.));
#3294=DIRECTION('',(1.,0.,0.));
#3295=DIRECTION('',(0.,0.,1.));
#3296=DIRECTION('',(1.,0.,0.));
#3297=DIRECTION('',(0.,0.,1.));
#3298=DIRECTION('',(1.,0.,0.));
#3299=DIRECTION('',(0.,0.,1.));
#3300=DIRECTION('',(1.,0.,0.));
#3301=DIRECTION('',(0.,0.,1.));
#3302=DIRECTION('',(1.,0.,0.));
#3303=DIRECTION('',(0.,0.,1.));
#3304=DIRECTION('',(1.,0.,0.));
#3305=DIRECTION('',(0.,0.,1.));
#3306=DIRECTION('',(1.,0.,0.));
#3307=DIRECTION('',(0.,0.,1.));
#3308=DIRECTION('',(1.,0.,0.));
#3309=DIRECTION('',(0.,0.,1.));
#3310=DIRECTION('',(1.,0.,0.));
#3311=DIRECTION('',(0.,0.,1.));
#3312=DIRECTION('',(1.,0.,0.));
#3313=DIRECTION('',(0.,0.,1.));
#3314=DIRECTION('',(1.,0.,0.));
#3315=DIRECTION('',(0.,0.,1.));
#3316=DIRECTION('',(1.,0.,0.));
#3317=CARTESIAN_POINT('',(0.,0.,0.));
#3318=CARTESIAN_POINT('',(-0.018861,0.0323829632351028,0.008));
#3319=CARTESIAN_POINT('',(-0.018861,0.0323829632351028,0.008));
#3320=CARTESIAN_POINT('',(-0.017961,0.0323829632351028,0.008));
#3321=CARTESIAN_POINT('',(-0.018861,0.0323829632351028,0.));
#3322=CARTESIAN_POINT('',(-0.017961,0.0323829632351028,0.));
#3323=CARTESIAN_POINT('',(-0.018861,0.0323829632351028,0.008));
#3324=CARTESIAN_POINT('',(-0.018861,0.0323829632351028,0.008));
#3325=CARTESIAN_POINT('',(-0.017111,0.0323829632351028,0.008));
#3326=CARTESIAN_POINT('',(-0.018861,0.0323829632351028,0.));
#3327=CARTESIAN_POINT('',(-0.017111,0.0323829632351028,0.));
#3328=CARTESIAN_POINT('',(0.,-0.0254590367648972,0.008));
#3329=CARTESIAN_POINT('',(0.,-0.0254590367648972,0.));
#3330=CARTESIAN_POINT('',(0.,0.,0.));
#3331=CARTESIAN_POINT('',(0.114489,-0.0836290367648972,-0.01));
#3332=CARTESIAN_POINT('',(0.114489,-0.0836290367648972,-0.01));
#3333=CARTESIAN_POINT('',(0.115389,-0.0836290367648972,-0.01));
#3334=CARTESIAN_POINT('',(0.114489,-0.0836290367648972,0.));
#3335=CARTESIAN_POINT('',(0.115389,-0.0836290367648972,0.));
#3336=CARTESIAN_POINT('',(0.,-0.0254590367648972,-0.01));
#3337=CARTESIAN_POINT('',(0.,-0.0254590367648972,0.));
#3338=CARTESIAN_POINT('',(0.,0.,0.));
#3339=CARTESIAN_POINT('',(-0.043865,-0.0836300367648972,-0.01));
#3340=CARTESIAN_POINT('',(-0.043865,-0.0836300367648972,-0.01));
#3341=CARTESIAN_POINT('',(-0.042965,-0.0836300367648972,-0.01));
#3342=CARTESIAN_POINT('',(-0.043865,-0.0836300367648972,0.));
#3343=CARTESIAN_POINT('',(-0.042965,-0.0836300367648972,0.));
#3344=CARTESIAN_POINT('',(-0.043865,-0.0836300367648972,-0.01));
#3345=CARTESIAN_POINT('',(-0.043865,-0.0836300367648972,-0.01));
#3346=CARTESIAN_POINT('',(-0.042115,-0.0836300367648972,-0.01));
#3347=CARTESIAN_POINT('',(-0.043865,-0.0836300367648972,0.));
#3348=CARTESIAN_POINT('',(-0.042115,-0.0836300367648972,0.));
#3349=CARTESIAN_POINT('',(0.,-0.0254590367648972,-0.01));
#3350=CARTESIAN_POINT('',(0.,-0.0254590367648972,0.));
#3351=CARTESIAN_POINT('',(0.,0.,0.));
#3352=CARTESIAN_POINT('',(-0.104586,0.0323829632351028,0.008));
#3353=CARTESIAN_POINT('',(-0.104586,0.0323829632351028,0.008));
#3354=CARTESIAN_POINT('',(-0.103686,0.0323829632351028,0.008));
#3355=CARTESIAN_POINT('',(-0.104586,0.0323829632351028,0.));
#3356=CARTESIAN_POINT('',(-0.103686,0.0323829632351028,0.));
#3357=CARTESIAN_POINT('',(-0.104586,0.0323829632351028,0.008));
#3358=CARTESIAN_POINT('',(-0.104586,0.0323829632351028,0.008));
#3359=CARTESIAN_POINT('',(-0.102836,0.0323829632351028,0.008));
#3360=CARTESIAN_POINT('',(-0.104586,0.0323829632351028,0.));
#3361=CARTESIAN_POINT('',(-0.102836,0.0323829632351028,0.));
#3362=CARTESIAN_POINT('',(0.,-0.0254590367648972,0.008));
#3363=CARTESIAN_POINT('',(0.,-0.0254590367648972,0.));
#3364=CARTESIAN_POINT('',(0.,0.,0.));
#3365=CARTESIAN_POINT('',(-0.126018,-0.0836300367648972,-0.01));
#3366=CARTESIAN_POINT('',(-0.126018,-0.0836300367648972,-0.01));
#3367=CARTESIAN_POINT('',(-0.125118,-0.0836300367648972,-0.01));
#3368=CARTESIAN_POINT('',(-0.126018,-0.0836300367648972,0.));
#3369=CARTESIAN_POINT('',(-0.125118,-0.0836300367648972,0.));
#3370=CARTESIAN_POINT('',(-0.126018,-0.0836300367648972,-0.01));
#3371=CARTESIAN_POINT('',(-0.126018,-0.0836300367648972,-0.01));
#3372=CARTESIAN_POINT('',(-0.124268,-0.0836300367648972,-0.01));
#3373=CARTESIAN_POINT('',(-0.126018,-0.0836300367648972,0.));
#3374=CARTESIAN_POINT('',(-0.124268,-0.0836300367648972,0.));
#3375=CARTESIAN_POINT('',(0.,-0.0254590367648972,-0.01));
#3376=CARTESIAN_POINT('',(0.,-0.0254590367648972,0.));
#3377=CARTESIAN_POINT('',(0.,0.,0.));
#3378=CARTESIAN_POINT('',(2.77555756156289E-17,-0.0904590367648972,0.015));
#3379=CARTESIAN_POINT('',(-0.157875,-0.0904590367648972,0.015));
#3380=CARTESIAN_POINT('',(-0.157875,-0.0904590367648972,0.015));
#3381=CARTESIAN_POINT('',(-0.157875,-0.0904590367648972,-0.01));
#3382=CARTESIAN_POINT('',(2.77555756156289E-17,-0.0904590367648972,-0.01));
#3383=CARTESIAN_POINT('',(0.157875,-0.0904590367648972,-0.01));
#3384=CARTESIAN_POINT('',(0.157875,-0.0904590367648972,0.015));
#3385=CARTESIAN_POINT('',(0.157875,-0.0904590367648972,0.015));
#3386=CARTESIAN_POINT('',(2.77555756156289E-17,-0.0904590367648972,0.015));
#3387=CARTESIAN_POINT('',(0.157875,-0.0254590367648972,0.015));
#3388=CARTESIAN_POINT('',(0.157875,-0.0254590367648972,-0.01));
#3389=CARTESIAN_POINT('',(0.157875,0.0395409632351029,-0.01));
#3390=CARTESIAN_POINT('',(0.157875,0.0395409632351029,0.015));
#3391=CARTESIAN_POINT('',(0.157875,0.0395409632351029,0.015));
#3392=CARTESIAN_POINT('',(0.157875,-0.0254590367648972,0.015));
#3393=CARTESIAN_POINT('',(0.,0.0395409632351028,0.015));
#3394=CARTESIAN_POINT('',(0.,0.0395409632351028,-0.01));
#3395=CARTESIAN_POINT('',(-0.157875,0.0395409632351028,-0.01));
#3396=CARTESIAN_POINT('',(-0.157875,0.0395409632351028,0.015));
#3397=CARTESIAN_POINT('',(-0.157875,0.0395409632351028,0.015));
#3398=CARTESIAN_POINT('',(0.,0.0395409632351028,0.015));
#3399=CARTESIAN_POINT('',(-0.152875,-0.0838195367648972,0.015));
#3400=CARTESIAN_POINT('',(-0.152875,-0.0838195367648972,0.));
#3401=CARTESIAN_POINT('',(-0.152875,0.0345409632351028,0.));
#3402=CARTESIAN_POINT('',(-0.152875,-0.0854590367648972,0.));
#3403=CARTESIAN_POINT('',(-0.152875,0.0345409632351028,0.015));
#3404=CARTESIAN_POINT('',(-0.152875,0.0345409632351028,0.015));
#3405=CARTESIAN_POINT('',(-0.152875,-0.0838195367648972,0.015));
#3406=CARTESIAN_POINT('',(-0.152875,-0.0854590367648972,0.015));
#3407=CARTESIAN_POINT('',(-0.152875,-0.0854590367648972,0.015));
#3408=CARTESIAN_POINT('',(-2.77555756156289E-17,0.0345409632351028,0.015));
#3409=CARTESIAN_POINT('',(-2.77555756156289E-17,0.0345409632351028,0.));
#3410=CARTESIAN_POINT('',(0.152875,0.0345409632351028,0.));
#3411=CARTESIAN_POINT('',(0.152875,0.0345409632351028,0.015));
#3412=CARTESIAN_POINT('',(0.152875,0.0345409632351028,0.015));
#3413=CARTESIAN_POINT('',(-2.77555756156289E-17,0.0345409632351028,0.015));
#3414=CARTESIAN_POINT('',(0.152875,0.0329014632351028,0.015));
#3415=CARTESIAN_POINT('',(0.152875,0.0329014632351028,0.));
#3416=CARTESIAN_POINT('',(0.152875,-0.0854590367648972,0.));
#3417=CARTESIAN_POINT('',(0.152875,-0.0854590367648972,0.015));
#3418=CARTESIAN_POINT('',(0.152875,-0.0854590367648972,0.015));
#3419=CARTESIAN_POINT('',(0.152875,0.0329014632351028,0.015));
#3420=CARTESIAN_POINT('',(0.,-0.0854590367648972,0.015));
#3421=CARTESIAN_POINT('',(0.,-0.0854590367648972,0.));
#3422=CARTESIAN_POINT('',(0.,-0.0854590367648972,0.015));
#3423=CARTESIAN_POINT('',(-0.157875,-0.0254590367648972,0.015));
#3424=CARTESIAN_POINT('',(-0.157875,-0.0254590367648972,-0.01));
#3425=CARTESIAN_POINT('',(-0.157875,-0.0254590367648972,0.015));
#3426=CARTESIAN_POINT('',(0.,-0.0254590367648972,0.015));
#3427=CARTESIAN_POINT('',(0.114489,-0.0685879662632942,-0.01));
#3428=CARTESIAN_POINT('',(0.114489,-0.0685879662632942,-0.01));
#3429=CARTESIAN_POINT('',(0.116989,-0.0685879662632942,-0.01));
#3430=CARTESIAN_POINT('',(0.114489,-0.0685879662632942,0.));
#3431=CARTESIAN_POINT('',(0.116989,-0.0685879662632942,0.));
#3432=CARTESIAN_POINT('',(0.038289,-0.0685879737138748,-0.01));
#3433=CARTESIAN_POINT('',(0.038289,-0.0685879737138748,-0.01));
#3434=CARTESIAN_POINT('',(0.040789,-0.0685879737138748,-0.01));
#3435=CARTESIAN_POINT('',(0.038289,-0.0685879737138748,0.));
#3436=CARTESIAN_POINT('',(0.040789,-0.0685879737138748,0.));
#3437=CARTESIAN_POINT('',(-0.126018,-0.0686150044202805,-0.01));
#3438=CARTESIAN_POINT('',(-0.126018,-0.0686150044202805,-0.01));
#3439=CARTESIAN_POINT('',(-0.123518,-0.0686150044202805,-0.01));
#3440=CARTESIAN_POINT('',(-0.126018,-0.0686150044202805,0.));
#3441=CARTESIAN_POINT('',(-0.123518,-0.0686150044202805,0.));
#3442=CARTESIAN_POINT('',(0.109992869198322,0.0123475566506386,-0.01));
#3443=CARTESIAN_POINT('',(0.109992869198322,0.0123475566506386,-0.01));
#3444=CARTESIAN_POINT('',(0.112492869198322,0.0123475566506386,-0.01));
#3445=CARTESIAN_POINT('',(0.109992869198322,0.0123475566506386,0.));
#3446=CARTESIAN_POINT('',(0.112492869198322,0.0123475566506386,0.));
#3447=CARTESIAN_POINT('',(0.024262635037303,0.012371027842164,-0.01));
#3448=CARTESIAN_POINT('',(0.024262635037303,0.012371027842164,-0.01));
#3449=CARTESIAN_POINT('',(0.0267626350373029,0.012371027842164,-0.01));
#3450=CARTESIAN_POINT('',(0.024262635037303,0.012371027842164,0.));
#3451=CARTESIAN_POINT('',(0.0267626350373029,0.012371027842164,0.));
#3452=CARTESIAN_POINT('',(-0.0238841772079468,0.0123757589608431,-0.01));
#3453=CARTESIAN_POINT('',(-0.0238841772079468,0.0123757589608431,-0.01));
#3454=CARTESIAN_POINT('',(-0.0213841772079468,0.0123757589608431,-0.01));
#3455=CARTESIAN_POINT('',(-0.0238841772079468,0.0123757589608431,0.));
#3456=CARTESIAN_POINT('',(-0.0213841772079468,0.0123757589608431,0.));
#3457=CARTESIAN_POINT('',(-0.109606690704822,0.012309942394495,-0.01));
#3458=CARTESIAN_POINT('',(-0.109606690704822,0.012309942394495,-0.01));
#3459=CARTESIAN_POINT('',(-0.107106690704822,0.012309942394495,-0.01));
#3460=CARTESIAN_POINT('',(-0.109606690704822,0.012309942394495,0.));
#3461=CARTESIAN_POINT('',(-0.107106690704822,0.012309942394495,0.));
#3462=CARTESIAN_POINT('',(-0.104586,0.0323829632351028,-0.01));
#3463=CARTESIAN_POINT('',(-0.104586,0.0323829632351028,-0.01));
#3464=CARTESIAN_POINT('',(-0.102836,0.0323829632351028,-0.01));
#3465=CARTESIAN_POINT('',(-0.104586,0.0323829632351028,0.));
#3466=CARTESIAN_POINT('',(-0.102836,0.0323829632351028,0.));
#3467=CARTESIAN_POINT('',(-0.018861,0.0323829632351028,-0.01));
#3468=CARTESIAN_POINT('',(-0.018861,0.0323829632351028,-0.01));
#3469=CARTESIAN_POINT('',(-0.017111,0.0323829632351028,-0.01));
#3470=CARTESIAN_POINT('',(-0.018861,0.0323829632351028,0.));
#3471=CARTESIAN_POINT('',(-0.017111,0.0323829632351028,0.));
#3472=CARTESIAN_POINT('',(0.019239,0.0323829632351028,-0.01));
#3473=CARTESIAN_POINT('',(0.019239,0.0323829632351028,-0.01));
#3474=CARTESIAN_POINT('',(0.020989,0.0323829632351028,-0.01));
#3475=CARTESIAN_POINT('',(0.019239,0.0323829632351028,0.));
#3476=CARTESIAN_POINT('',(0.020989,0.0323829632351028,0.));
#3477=CARTESIAN_POINT('',(0.104964,0.0323829632351028,-0.01));
#3478=CARTESIAN_POINT('',(0.104964,0.0323829632351028,-0.01));
#3479=CARTESIAN_POINT('',(0.106714,0.0323829632351028,-0.01));
#3480=CARTESIAN_POINT('',(0.104964,0.0323829632351028,0.));
#3481=CARTESIAN_POINT('',(0.106714,0.0323829632351028,0.));
#3482=CARTESIAN_POINT('',(0.114489,-0.0836290367648972,-0.01));
#3483=CARTESIAN_POINT('',(0.114489,-0.0836290367648972,-0.01));
#3484=CARTESIAN_POINT('',(0.116239,-0.0836290367648972,-0.01));
#3485=CARTESIAN_POINT('',(0.114489,-0.0836290367648972,0.));
#3486=CARTESIAN_POINT('',(0.116239,-0.0836290367648972,0.));
#3487=CARTESIAN_POINT('',(0.038289,-0.0836300367648972,-0.01));
#3488=CARTESIAN_POINT('',(0.038289,-0.0836300367648972,-0.01));
#3489=CARTESIAN_POINT('',(0.040039,-0.0836300367648972,-0.01));
#3490=CARTESIAN_POINT('',(0.038289,-0.0836300367648972,0.));
#3491=CARTESIAN_POINT('',(0.040039,-0.0836300367648972,0.));
#3492=CARTESIAN_POINT('',(-0.126018,-0.0836300367648972,-0.01));
#3493=CARTESIAN_POINT('',(-0.126018,-0.0836300367648972,-0.01));
#3494=CARTESIAN_POINT('',(-0.124268,-0.0836300367648972,-0.01));
#3495=CARTESIAN_POINT('',(-0.126018,-0.0836300367648972,0.));
#3496=CARTESIAN_POINT('',(-0.124268,-0.0836300367648972,0.));
#3497=CARTESIAN_POINT('',(-0.043865,-0.0836300367648972,-0.01));
#3498=CARTESIAN_POINT('',(-0.043865,-0.0836300367648972,-0.01));
#3499=CARTESIAN_POINT('',(-0.042115,-0.0836300367648972,-0.01));
#3500=CARTESIAN_POINT('',(-0.043865,-0.0836300367648972,0.));
#3501=CARTESIAN_POINT('',(-0.042115,-0.0836300367648972,0.));
#3502=CARTESIAN_POINT('',(-0.0338088721036911,-0.0735270231962204,-0.01));
#3503=CARTESIAN_POINT('',(-0.0338088721036911,-0.0735270231962204,-0.01));
#3504=CARTESIAN_POINT('',(-0.0313088721036911,-0.0735270231962204,-0.01));
#3505=CARTESIAN_POINT('',(-0.0338088721036911,-0.0735270231962204,0.));
#3506=CARTESIAN_POINT('',(-0.0313088721036911,-0.0735270231962204,0.));
#3507=CARTESIAN_POINT('',(0.,-0.0254590367648972,-0.01));
#3508=CARTESIAN_POINT('',(0.,-0.0254590367648972,0.));
#3509=CARTESIAN_POINT('',(0.,0.,0.));
#3510=CARTESIAN_POINT('',(-0.109606690704822,0.012309942394495,0.008));
#3511=CARTESIAN_POINT('',(-0.109606690704822,0.012309942394495,0.008));
#3512=CARTESIAN_POINT('',(-0.107106690704822,0.012309942394495,0.008));
#3513=CARTESIAN_POINT('',(-0.109606690704822,0.012309942394495,0.));
#3514=CARTESIAN_POINT('',(-0.107106690704822,0.012309942394495,0.));
#3515=CARTESIAN_POINT('',(0.,-0.0254590367648972,0.008));
#3516=CARTESIAN_POINT('',(0.,-0.0254590367648972,0.));
#3517=CARTESIAN_POINT('',(0.,0.,0.));
#3518=CARTESIAN_POINT('',(0.038289,-0.0836300367648972,-0.01));
#3519=CARTESIAN_POINT('',(0.038289,-0.0836300367648972,-0.01));
#3520=CARTESIAN_POINT('',(0.039189,-0.0836300367648972,-0.01));
#3521=CARTESIAN_POINT('',(0.038289,-0.0836300367648972,0.));
#3522=CARTESIAN_POINT('',(0.039189,-0.0836300367648972,0.));
#3523=CARTESIAN_POINT('',(0.038289,-0.0836300367648972,-0.01));
#3524=CARTESIAN_POINT('',(0.038289,-0.0836300367648972,-0.01));
#3525=CARTESIAN_POINT('',(0.040039,-0.0836300367648972,-0.01));
#3526=CARTESIAN_POINT('',(0.038289,-0.0836300367648972,0.));
#3527=CARTESIAN_POINT('',(0.040039,-0.0836300367648972,0.));
#3528=CARTESIAN_POINT('',(0.,-0.0254590367648972,-0.01));
#3529=CARTESIAN_POINT('',(0.,-0.0254590367648972,0.));
#3530=CARTESIAN_POINT('',(0.,0.,0.));
#3531=CARTESIAN_POINT('',(-0.0238841772079468,0.0123757589608431,0.008));
#3532=CARTESIAN_POINT('',(-0.0238841772079468,0.0123757589608431,0.008));
#3533=CARTESIAN_POINT('',(-0.0213841772079468,0.0123757589608431,0.008));
#3534=CARTESIAN_POINT('',(-0.0238841772079468,0.0123757589608431,0.));
#3535=CARTESIAN_POINT('',(-0.0213841772079468,0.0123757589608431,0.));
#3536=CARTESIAN_POINT('',(0.,-0.0254590367648972,0.008));
#3537=CARTESIAN_POINT('',(0.,-0.0254590367648972,0.));
#3538=CARTESIAN_POINT('',(0.,0.,0.));
#3539=CARTESIAN_POINT('',(0.114489,-0.0836290367648972,-0.01));
#3540=CARTESIAN_POINT('',(0.114489,-0.0836290367648972,-0.01));
#3541=CARTESIAN_POINT('',(0.115389,-0.0836290367648972,-0.01));
#3542=CARTESIAN_POINT('',(0.114489,-0.0836290367648972,0.));
#3543=CARTESIAN_POINT('',(0.115389,-0.0836290367648972,0.));
#3544=CARTESIAN_POINT('',(0.114489,-0.0836290367648972,-0.01));
#3545=CARTESIAN_POINT('',(0.114489,-0.0836290367648972,-0.01));
#3546=CARTESIAN_POINT('',(0.116239,-0.0836290367648972,-0.01));
#3547=CARTESIAN_POINT('',(0.114489,-0.0836290367648972,0.));
#3548=CARTESIAN_POINT('',(0.116239,-0.0836290367648972,0.));
#3549=CARTESIAN_POINT('',(0.,-0.0254590367648972,-0.01));
#3550=CARTESIAN_POINT('',(0.,-0.0254590367648972,0.));
#3551=CARTESIAN_POINT('',(0.,0.,0.));
#3552=CARTESIAN_POINT('',(-0.0338088721036911,-0.0735270231962204,0.008));
#3553=CARTESIAN_POINT('',(-0.0338088721036911,-0.0735270231962204,0.008));
#3554=CARTESIAN_POINT('',(-0.0313088721036911,-0.0735270231962204,0.008));
#3555=CARTESIAN_POINT('',(-0.0338088721036911,-0.0735270231962204,0.));
#3556=CARTESIAN_POINT('',(-0.0313088721036911,-0.0735270231962204,0.));
#3557=CARTESIAN_POINT('',(0.,-0.0254590367648972,0.008));
#3558=CARTESIAN_POINT('',(0.,-0.0254590367648972,0.));
#3559=CARTESIAN_POINT('',(0.,0.,0.));
#3560=CARTESIAN_POINT('',(0.024262635037303,0.012371027842164,0.008));
#3561=CARTESIAN_POINT('',(0.024262635037303,0.012371027842164,0.008));
#3562=CARTESIAN_POINT('',(0.0267626350373029,0.012371027842164,0.008));
#3563=CARTESIAN_POINT('',(0.024262635037303,0.012371027842164,0.));
#3564=CARTESIAN_POINT('',(0.0267626350373029,0.012371027842164,0.));
#3565=CARTESIAN_POINT('',(0.,-0.0254590367648972,0.008));
#3566=CARTESIAN_POINT('',(0.,-0.0254590367648972,0.));
#3567=CARTESIAN_POINT('',(0.,0.,0.));
#3568=CARTESIAN_POINT('',(0.104964,0.0323829632351028,-0.01));
#3569=CARTESIAN_POINT('',(0.104964,0.0323829632351028,-0.01));
#3570=CARTESIAN_POINT('',(0.105864,0.0323829632351028,-0.01));
#3571=CARTESIAN_POINT('',(0.104964,0.0323829632351028,0.));
#3572=CARTESIAN_POINT('',(0.105864,0.0323829632351028,0.));
#3573=CARTESIAN_POINT('',(0.104964,0.0323829632351028,-0.01));
#3574=CARTESIAN_POINT('',(0.104964,0.0323829632351028,-0.01));
#3575=CARTESIAN_POINT('',(0.106714,0.0323829632351028,-0.01));
#3576=CARTESIAN_POINT('',(0.104964,0.0323829632351028,0.));
#3577=CARTESIAN_POINT('',(0.106714,0.0323829632351028,0.));
#3578=CARTESIAN_POINT('',(0.,-0.0254590367648972,-0.01));
#3579=CARTESIAN_POINT('',(0.,-0.0254590367648972,0.));
#3580=CARTESIAN_POINT('',(0.,0.,0.));
#3581=CARTESIAN_POINT('',(0.038289,-0.0685879737138748,0.008));
#3582=CARTESIAN_POINT('',(0.038289,-0.0685879737138748,0.008));
#3583=CARTESIAN_POINT('',(0.040789,-0.0685879737138748,0.008));
#3584=CARTESIAN_POINT('',(0.038289,-0.0685879737138748,0.));
#3585=CARTESIAN_POINT('',(0.040789,-0.0685879737138748,0.));
#3586=CARTESIAN_POINT('',(0.,-0.0254590367648972,0.008));
#3587=CARTESIAN_POINT('',(0.,-0.0254590367648972,0.));
#3588=CARTESIAN_POINT('',(0.,0.,0.));
#3589=CARTESIAN_POINT('',(0.109992869198322,0.0123475566506386,0.008));
#3590=CARTESIAN_POINT('',(0.109992869198322,0.0123475566506386,0.008));
#3591=CARTESIAN_POINT('',(0.112492869198322,0.0123475566506386,0.008));
#3592=CARTESIAN_POINT('',(0.109992869198322,0.0123475566506386,0.));
#3593=CARTESIAN_POINT('',(0.112492869198322,0.0123475566506386,0.));
#3594=CARTESIAN_POINT('',(0.,-0.0254590367648972,0.008));
#3595=CARTESIAN_POINT('',(0.,-0.0254590367648972,0.));
#3596=CARTESIAN_POINT('',(0.,0.,0.));
#3597=CARTESIAN_POINT('',(0.019239,0.0323829632351028,-0.01));
#3598=CARTESIAN_POINT('',(0.019239,0.0323829632351028,-0.01));
#3599=CARTESIAN_POINT('',(0.020139,0.0323829632351028,-0.01));
#3600=CARTESIAN_POINT('',(0.019239,0.0323829632351028,0.));
#3601=CARTESIAN_POINT('',(0.020139,0.0323829632351028,0.));
#3602=CARTESIAN_POINT('',(0.019239,0.0323829632351028,-0.01));
#3603=CARTESIAN_POINT('',(0.019239,0.0323829632351028,-0.01));
#3604=CARTESIAN_POINT('',(0.020989,0.0323829632351028,-0.01));
#3605=CARTESIAN_POINT('',(0.019239,0.0323829632351028,0.));
#3606=CARTESIAN_POINT('',(0.020989,0.0323829632351028,0.));
#3607=CARTESIAN_POINT('',(0.,-0.0254590367648972,-0.01));
#3608=CARTESIAN_POINT('',(0.,-0.0254590367648972,0.));
#3609=CARTESIAN_POINT('',(0.,0.,0.));
#3610=CARTESIAN_POINT('',(0.114489,-0.0685879662632942,0.008));
#3611=CARTESIAN_POINT('',(0.114489,-0.0685879662632942,0.008));
#3612=CARTESIAN_POINT('',(0.116989,-0.0685879662632942,0.008));
#3613=CARTESIAN_POINT('',(0.114489,-0.0685879662632942,0.));
#3614=CARTESIAN_POINT('',(0.116989,-0.0685879662632942,0.));
#3615=CARTESIAN_POINT('',(0.,-0.0254590367648972,0.008));
#3616=CARTESIAN_POINT('',(0.,-0.0254590367648972,0.));
#3617=CARTESIAN_POINT('',(0.,0.,0.));
#3618=CARTESIAN_POINT('',(-0.126018,-0.0686150044202805,0.008));
#3619=CARTESIAN_POINT('',(-0.126018,-0.0686150044202805,0.008));
#3620=CARTESIAN_POINT('',(-0.123518,-0.0686150044202805,0.008));
#3621=CARTESIAN_POINT('',(-0.126018,-0.0686150044202805,0.));
#3622=CARTESIAN_POINT('',(-0.123518,-0.0686150044202805,0.));
#3623=CARTESIAN_POINT('',(0.,-0.0254590367648972,0.008));
#3624=CARTESIAN_POINT('',(0.,-0.0254590367648972,0.));
#3625=CARTESIAN_POINT('',(0.,0.,0.));
#3626=CARTESIAN_POINT('',(-0.018861,0.0323829632351028,-0.01));
#3627=CARTESIAN_POINT('',(-0.018861,0.0323829632351028,-0.01));
#3628=CARTESIAN_POINT('',(-0.017961,0.0323829632351028,-0.01));
#3629=CARTESIAN_POINT('',(-0.018861,0.0323829632351028,0.));
#3630=CARTESIAN_POINT('',(-0.017961,0.0323829632351028,0.));
#3631=CARTESIAN_POINT('',(-0.018861,0.0323829632351028,-0.01));
#3632=CARTESIAN_POINT('',(-0.018861,0.0323829632351028,-0.01));
#3633=CARTESIAN_POINT('',(-0.017111,0.0323829632351028,-0.01));
#3634=CARTESIAN_POINT('',(-0.018861,0.0323829632351028,0.));
#3635=CARTESIAN_POINT('',(-0.017111,0.0323829632351028,0.));
#3636=CARTESIAN_POINT('',(0.,-0.0254590367648972,-0.01));
#3637=CARTESIAN_POINT('',(0.,-0.0254590367648972,0.));
#3638=CARTESIAN_POINT('',(0.,0.,0.));
#3639=CARTESIAN_POINT('',(-0.043865,-0.0836300367648972,0.008));
#3640=CARTESIAN_POINT('',(-0.043865,-0.0836300367648972,0.008));
#3641=CARTESIAN_POINT('',(-0.042965,-0.0836300367648972,0.008));
#3642=CARTESIAN_POINT('',(-0.043865,-0.0836300367648972,0.));
#3643=CARTESIAN_POINT('',(-0.042965,-0.0836300367648972,0.));
#3644=CARTESIAN_POINT('',(-0.043865,-0.0836300367648972,0.008));
#3645=CARTESIAN_POINT('',(-0.043865,-0.0836300367648972,0.008));
#3646=CARTESIAN_POINT('',(-0.042115,-0.0836300367648972,0.008));
#3647=CARTESIAN_POINT('',(-0.043865,-0.0836300367648972,0.));
#3648=CARTESIAN_POINT('',(-0.042115,-0.0836300367648972,0.));
#3649=CARTESIAN_POINT('',(0.,-0.0254590367648972,0.008));
#3650=CARTESIAN_POINT('',(0.,-0.0254590367648972,0.));
#3651=CARTESIAN_POINT('',(0.,0.,0.));
#3652=CARTESIAN_POINT('',(-0.018861,0.0323829632351028,-0.01));
#3653=CARTESIAN_POINT('',(-0.018861,0.0323829632351028,-0.01));
#3654=CARTESIAN_POINT('',(-0.017961,0.0323829632351028,-0.01));
#3655=CARTESIAN_POINT('',(-0.018861,0.0323829632351028,0.));
#3656=CARTESIAN_POINT('',(-0.017961,0.0323829632351028,0.));
#3657=CARTESIAN_POINT('',(0.,-0.0254590367648972,-0.01));
#3658=CARTESIAN_POINT('',(0.,-0.0254590367648972,0.));
#3659=CARTESIAN_POINT('',(0.,0.,0.));
#3660=CARTESIAN_POINT('',(-0.104586,0.0323829632351028,-0.01));
#3661=CARTESIAN_POINT('',(-0.104586,0.0323829632351028,-0.01));
#3662=CARTESIAN_POINT('',(-0.102836,0.0323829632351028,-0.01));
#3663=CARTESIAN_POINT('',(-0.104586,0.0323829632351028,0.));
#3664=CARTESIAN_POINT('',(-0.102836,0.0323829632351028,0.));
#3665=CARTESIAN_POINT('',(0.,-0.0254590367648972,-0.01));
#3666=CARTESIAN_POINT('',(0.,-0.0254590367648972,0.));
#3667=CARTESIAN_POINT('',(0.,0.,0.));
#3668=CARTESIAN_POINT('',(-0.126018,-0.0836300367648972,0.008));
#3669=CARTESIAN_POINT('',(-0.126018,-0.0836300367648972,0.008));
#3670=CARTESIAN_POINT('',(-0.125118,-0.0836300367648972,0.008));
#3671=CARTESIAN_POINT('',(-0.126018,-0.0836300367648972,0.));
#3672=CARTESIAN_POINT('',(-0.125118,-0.0836300367648972,0.));
#3673=CARTESIAN_POINT('',(-0.126018,-0.0836300367648972,0.008));
#3674=CARTESIAN_POINT('',(-0.126018,-0.0836300367648972,0.008));
#3675=CARTESIAN_POINT('',(-0.124268,-0.0836300367648972,0.008));
#3676=CARTESIAN_POINT('',(-0.126018,-0.0836300367648972,0.));
#3677=CARTESIAN_POINT('',(-0.124268,-0.0836300367648972,0.));
#3678=CARTESIAN_POINT('',(0.,-0.0254590367648972,0.008));
#3679=CARTESIAN_POINT('',(0.,-0.0254590367648972,0.));
#3680=CARTESIAN_POINT('',(0.,0.,0.));
#3681=CARTESIAN_POINT('',(0.019239,0.0323829632351028,-0.01));
#3682=CARTESIAN_POINT('',(0.019239,0.0323829632351028,-0.01));
#3683=CARTESIAN_POINT('',(0.020139,0.0323829632351028,-0.01));
#3684=CARTESIAN_POINT('',(0.019239,0.0323829632351028,0.));
#3685=CARTESIAN_POINT('',(0.020139,0.0323829632351028,0.));
#3686=CARTESIAN_POINT('',(0.,-0.0254590367648972,-0.01));
#3687=CARTESIAN_POINT('',(0.,-0.0254590367648972,0.));
#3688=CARTESIAN_POINT('',(0.,0.,0.));
#3689=CARTESIAN_POINT('',(-0.109606690704822,0.012309942394495,-0.01));
#3690=CARTESIAN_POINT('',(-0.109606690704822,0.012309942394495,-0.01));
#3691=CARTESIAN_POINT('',(-0.107106690704822,0.012309942394495,-0.01));
#3692=CARTESIAN_POINT('',(-0.109606690704822,0.012309942394495,0.));
#3693=CARTESIAN_POINT('',(-0.107106690704822,0.012309942394495,0.));
#3694=CARTESIAN_POINT('',(0.,-0.0254590367648972,-0.01));
#3695=CARTESIAN_POINT('',(0.,-0.0254590367648972,0.));
#3696=CARTESIAN_POINT('',(0.,0.,0.));
#3697=CARTESIAN_POINT('',(0.038289,-0.0836300367648972,0.008));
#3698=CARTESIAN_POINT('',(0.038289,-0.0836300367648972,0.008));
#3699=CARTESIAN_POINT('',(0.039189,-0.0836300367648972,0.008));
#3700=CARTESIAN_POINT('',(0.038289,-0.0836300367648972,0.));
#3701=CARTESIAN_POINT('',(0.039189,-0.0836300367648972,0.));
#3702=CARTESIAN_POINT('',(0.038289,-0.0836300367648972,0.008));
#3703=CARTESIAN_POINT('',(0.038289,-0.0836300367648972,0.008));
#3704=CARTESIAN_POINT('',(0.040039,-0.0836300367648972,0.008));
#3705=CARTESIAN_POINT('',(0.038289,-0.0836300367648972,0.));
#3706=CARTESIAN_POINT('',(0.040039,-0.0836300367648972,0.));
#3707=CARTESIAN_POINT('',(0.,-0.0254590367648972,0.008));
#3708=CARTESIAN_POINT('',(0.,-0.0254590367648972,0.));
#3709=CARTESIAN_POINT('',(0.,0.,0.));
#3710=CARTESIAN_POINT('',(-0.0338088721036911,-0.0735270231962204,-0.01));
#3711=CARTESIAN_POINT('',(-0.0338088721036911,-0.0735270231962204,-0.01));
#3712=CARTESIAN_POINT('',(-0.0313088721036911,-0.0735270231962204,-0.01));
#3713=CARTESIAN_POINT('',(-0.0338088721036911,-0.0735270231962204,0.));
#3714=CARTESIAN_POINT('',(-0.0313088721036911,-0.0735270231962204,0.));
#3715=CARTESIAN_POINT('',(0.,-0.0254590367648972,-0.01));
#3716=CARTESIAN_POINT('',(0.,-0.0254590367648972,0.));
#3717=CARTESIAN_POINT('',(0.,0.,0.));
#3718=CARTESIAN_POINT('',(0.104964,0.0323829632351028,-0.01));
#3719=CARTESIAN_POINT('',(0.104964,0.0323829632351028,-0.01));
#3720=CARTESIAN_POINT('',(0.105864,0.0323829632351028,-0.01));
#3721=CARTESIAN_POINT('',(0.104964,0.0323829632351028,0.));
#3722=CARTESIAN_POINT('',(0.105864,0.0323829632351028,0.));
#3723=CARTESIAN_POINT('',(0.,-0.0254590367648972,-0.01));
#3724=CARTESIAN_POINT('',(0.,-0.0254590367648972,0.));
#3725=CARTESIAN_POINT('',(0.,0.,0.));
#3726=CARTESIAN_POINT('',(-0.0238841772079468,0.0123757589608431,-0.01));
#3727=CARTESIAN_POINT('',(-0.0238841772079468,0.0123757589608431,-0.01));
#3728=CARTESIAN_POINT('',(-0.0213841772079468,0.0123757589608431,-0.01));
#3729=CARTESIAN_POINT('',(-0.0238841772079468,0.0123757589608431,0.));
#3730=CARTESIAN_POINT('',(-0.0213841772079468,0.0123757589608431,0.));
#3731=CARTESIAN_POINT('',(0.,-0.0254590367648972,-0.01));
#3732=CARTESIAN_POINT('',(0.,-0.0254590367648972,0.));
#3733=CARTESIAN_POINT('',(0.,0.,0.));
#3734=CARTESIAN_POINT('',(0.114489,-0.0836290367648972,0.008));
#3735=CARTESIAN_POINT('',(0.114489,-0.0836290367648972,0.008));
#3736=CARTESIAN_POINT('',(0.115389,-0.0836290367648972,0.008));
#3737=CARTESIAN_POINT('',(0.114489,-0.0836290367648972,0.));
#3738=CARTESIAN_POINT('',(0.115389,-0.0836290367648972,0.));
#3739=CARTESIAN_POINT('',(0.114489,-0.0836290367648972,0.008));
#3740=CARTESIAN_POINT('',(0.114489,-0.0836290367648972,0.008));
#3741=CARTESIAN_POINT('',(0.116239,-0.0836290367648972,0.008));
#3742=CARTESIAN_POINT('',(0.114489,-0.0836290367648972,0.));
#3743=CARTESIAN_POINT('',(0.116239,-0.0836290367648972,0.));
#3744=CARTESIAN_POINT('',(0.,-0.0254590367648972,0.008));
#3745=CARTESIAN_POINT('',(0.,-0.0254590367648972,0.));
#3746=CARTESIAN_POINT('',(0.,0.,0.));
#3747=CARTESIAN_POINT('',(0.038289,-0.0685879737138748,-0.01));
#3748=CARTESIAN_POINT('',(0.038289,-0.0685879737138748,-0.01));
#3749=CARTESIAN_POINT('',(0.040789,-0.0685879737138748,-0.01));
#3750=CARTESIAN_POINT('',(0.038289,-0.0685879737138748,0.));
#3751=CARTESIAN_POINT('',(0.040789,-0.0685879737138748,0.));
#3752=CARTESIAN_POINT('',(0.,-0.0254590367648972,-0.01));
#3753=CARTESIAN_POINT('',(0.,-0.0254590367648972,0.));
#3754=CARTESIAN_POINT('',(0.,0.,0.));
#3755=CARTESIAN_POINT('',(-0.126018,-0.0836300367648972,-0.01));
#3756=CARTESIAN_POINT('',(-0.126018,-0.0836300367648972,-0.01));
#3757=CARTESIAN_POINT('',(-0.125118,-0.0836300367648972,-0.01));
#3758=CARTESIAN_POINT('',(-0.126018,-0.0836300367648972,0.));
#3759=CARTESIAN_POINT('',(-0.125118,-0.0836300367648972,0.));
#3760=CARTESIAN_POINT('',(0.,-0.0254590367648972,-0.01));
#3761=CARTESIAN_POINT('',(0.,-0.0254590367648972,0.));
#3762=CARTESIAN_POINT('',(0.,0.,0.));
#3763=CARTESIAN_POINT('',(0.024262635037303,0.012371027842164,-0.01));
#3764=CARTESIAN_POINT('',(0.024262635037303,0.012371027842164,-0.01));
#3765=CARTESIAN_POINT('',(0.0267626350373029,0.012371027842164,-0.01));
#3766=CARTESIAN_POINT('',(0.024262635037303,0.012371027842164,0.));
#3767=CARTESIAN_POINT('',(0.0267626350373029,0.012371027842164,0.));
#3768=CARTESIAN_POINT('',(0.,-0.0254590367648972,-0.01));
#3769=CARTESIAN_POINT('',(0.,-0.0254590367648972,0.));
#3770=CARTESIAN_POINT('',(0.,0.,0.));
#3771=CARTESIAN_POINT('',(0.104964,0.0323829632351028,0.008));
#3772=CARTESIAN_POINT('',(0.104964,0.0323829632351028,0.008));
#3773=CARTESIAN_POINT('',(0.105864,0.0323829632351028,0.008));
#3774=CARTESIAN_POINT('',(0.104964,0.0323829632351028,0.));
#3775=CARTESIAN_POINT('',(0.105864,0.0323829632351028,0.));
#3776=CARTESIAN_POINT('',(0.104964,0.0323829632351028,0.008));
#3777=CARTESIAN_POINT('',(0.104964,0.0323829632351028,0.008));
#3778=CARTESIAN_POINT('',(0.106714,0.0323829632351028,0.008));
#3779=CARTESIAN_POINT('',(0.104964,0.0323829632351028,0.));
#3780=CARTESIAN_POINT('',(0.106714,0.0323829632351028,0.));
#3781=CARTESIAN_POINT('',(0.,-0.0254590367648972,0.008));
#3782=CARTESIAN_POINT('',(0.,-0.0254590367648972,0.));
#3783=CARTESIAN_POINT('',(0.,0.,0.));
#3784=CARTESIAN_POINT('',(0.114489,-0.0685879662632942,-0.01));
#3785=CARTESIAN_POINT('',(0.114489,-0.0685879662632942,-0.01));
#3786=CARTESIAN_POINT('',(0.116989,-0.0685879662632942,-0.01));
#3787=CARTESIAN_POINT('',(0.114489,-0.0685879662632942,0.));
#3788=CARTESIAN_POINT('',(0.116989,-0.0685879662632942,0.));
#3789=CARTESIAN_POINT('',(0.,-0.0254590367648972,-0.01));
#3790=CARTESIAN_POINT('',(0.,-0.0254590367648972,0.));
#3791=CARTESIAN_POINT('',(0.,0.,0.));
#3792=CARTESIAN_POINT('',(-0.043865,-0.0836300367648972,-0.01));
#3793=CARTESIAN_POINT('',(-0.043865,-0.0836300367648972,-0.01));
#3794=CARTESIAN_POINT('',(-0.042965,-0.0836300367648972,-0.01));
#3795=CARTESIAN_POINT('',(-0.043865,-0.0836300367648972,0.));
#3796=CARTESIAN_POINT('',(-0.042965,-0.0836300367648972,0.));
#3797=CARTESIAN_POINT('',(0.,-0.0254590367648972,-0.01));
#3798=CARTESIAN_POINT('',(0.,-0.0254590367648972,0.));
#3799=CARTESIAN_POINT('',(0.,0.,0.));
#3800=CARTESIAN_POINT('',(0.109992869198322,0.0123475566506386,-0.01));
#3801=CARTESIAN_POINT('',(0.109992869198322,0.0123475566506386,-0.01));
#3802=CARTESIAN_POINT('',(0.112492869198322,0.0123475566506386,-0.01));
#3803=CARTESIAN_POINT('',(0.109992869198322,0.0123475566506386,0.));
#3804=CARTESIAN_POINT('',(0.112492869198322,0.0123475566506386,0.));
#3805=CARTESIAN_POINT('',(0.,-0.0254590367648972,-0.01));
#3806=CARTESIAN_POINT('',(0.,-0.0254590367648972,0.));
#3807=CARTESIAN_POINT('',(0.,0.,0.));
#3808=CARTESIAN_POINT('',(0.019239,0.0323829632351028,0.008));
#3809=CARTESIAN_POINT('',(0.019239,0.0323829632351028,0.008));
#3810=CARTESIAN_POINT('',(0.020139,0.0323829632351028,0.008));
#3811=CARTESIAN_POINT('',(0.019239,0.0323829632351028,0.));
#3812=CARTESIAN_POINT('',(0.020139,0.0323829632351028,0.));
#3813=CARTESIAN_POINT('',(0.019239,0.0323829632351028,0.008));
#3814=CARTESIAN_POINT('',(0.019239,0.0323829632351028,0.008));
#3815=CARTESIAN_POINT('',(0.020989,0.0323829632351028,0.008));
#3816=CARTESIAN_POINT('',(0.019239,0.0323829632351028,0.));
#3817=CARTESIAN_POINT('',(0.020989,0.0323829632351028,0.));
#3818=CARTESIAN_POINT('',(0.,-0.0254590367648972,0.008));
#3819=CARTESIAN_POINT('',(0.,-0.0254590367648972,0.));
#3820=CARTESIAN_POINT('',(0.,0.,0.));
#3821=CARTESIAN_POINT('',(-0.126018,-0.0686150044202805,-0.01));
#3822=CARTESIAN_POINT('',(-0.126018,-0.0686150044202805,-0.01));
#3823=CARTESIAN_POINT('',(-0.123518,-0.0686150044202805,-0.01));
#3824=CARTESIAN_POINT('',(-0.126018,-0.0686150044202805,0.));
#3825=CARTESIAN_POINT('',(-0.123518,-0.0686150044202805,0.));
#3826=CARTESIAN_POINT('',(0.,-0.0254590367648972,-0.01));
#3827=CARTESIAN_POINT('',(0.,-0.0254590367648972,0.));
#3828=CARTESIAN_POINT('',(0.,0.,0.));
#3829=CARTESIAN_POINT('',(0.038289,-0.0836300367648972,-0.01));
#3830=CARTESIAN_POINT('',(0.038289,-0.0836300367648972,-0.01));
#3831=CARTESIAN_POINT('',(0.039189,-0.0836300367648972,-0.01));
#3832=CARTESIAN_POINT('',(0.038289,-0.0836300367648972,0.));
#3833=CARTESIAN_POINT('',(0.039189,-0.0836300367648972,0.));
#3834=CARTESIAN_POINT('',(0.,-0.0254590367648972,-0.01));
#3835=CARTESIAN_POINT('',(0.,-0.0254590367648972,0.));
#3836=MECHANICAL_DESIGN_GEOMETRIC_PRESENTATION_REPRESENTATION('',(#1868),
#3876);
#3837=MECHANICAL_DESIGN_GEOMETRIC_PRESENTATION_REPRESENTATION('',(#1869),
#3877);
#3838=MECHANICAL_DESIGN_GEOMETRIC_PRESENTATION_REPRESENTATION('',(#1870),
#3878);
#3839=MECHANICAL_DESIGN_GEOMETRIC_PRESENTATION_REPRESENTATION('',(#1871),
#3879);
#3840=MECHANICAL_DESIGN_GEOMETRIC_PRESENTATION_REPRESENTATION('',(#1872),
#3880);
#3841=MECHANICAL_DESIGN_GEOMETRIC_PRESENTATION_REPRESENTATION('',(#1873),
#3881);
#3842=MECHANICAL_DESIGN_GEOMETRIC_PRESENTATION_REPRESENTATION('',(#1874),
#3882);
#3843=MECHANICAL_DESIGN_GEOMETRIC_PRESENTATION_REPRESENTATION('',(#1875),
#3883);
#3844=MECHANICAL_DESIGN_GEOMETRIC_PRESENTATION_REPRESENTATION('',(#1876),
#3884);
#3845=MECHANICAL_DESIGN_GEOMETRIC_PRESENTATION_REPRESENTATION('',(#1877),
#3885);
#3846=MECHANICAL_DESIGN_GEOMETRIC_PRESENTATION_REPRESENTATION('',(#1878),
#3886);
#3847=MECHANICAL_DESIGN_GEOMETRIC_PRESENTATION_REPRESENTATION('',(#1879),
#3887);
#3848=MECHANICAL_DESIGN_GEOMETRIC_PRESENTATION_REPRESENTATION('',(#1880),
#3888);
#3849=MECHANICAL_DESIGN_GEOMETRIC_PRESENTATION_REPRESENTATION('',(#1881),
#3889);
#3850=MECHANICAL_DESIGN_GEOMETRIC_PRESENTATION_REPRESENTATION('',(#1882),
#3890);
#3851=MECHANICAL_DESIGN_GEOMETRIC_PRESENTATION_REPRESENTATION('',(#1883),
#3891);
#3852=MECHANICAL_DESIGN_GEOMETRIC_PRESENTATION_REPRESENTATION('',(#1884),
#3892);
#3853=MECHANICAL_DESIGN_GEOMETRIC_PRESENTATION_REPRESENTATION('',(#1885),
#3893);
#3854=MECHANICAL_DESIGN_GEOMETRIC_PRESENTATION_REPRESENTATION('',(#1886),
#3894);
#3855=MECHANICAL_DESIGN_GEOMETRIC_PRESENTATION_REPRESENTATION('',(#1887),
#3895);
#3856=MECHANICAL_DESIGN_GEOMETRIC_PRESENTATION_REPRESENTATION('',(#1888),
#3896);
#3857=MECHANICAL_DESIGN_GEOMETRIC_PRESENTATION_REPRESENTATION('',(#1889),
#3897);
#3858=MECHANICAL_DESIGN_GEOMETRIC_PRESENTATION_REPRESENTATION('',(#1890),
#3898);
#3859=MECHANICAL_DESIGN_GEOMETRIC_PRESENTATION_REPRESENTATION('',(#1891),
#3899);
#3860=MECHANICAL_DESIGN_GEOMETRIC_PRESENTATION_REPRESENTATION('',(#1892),
#3900);
#3861=MECHANICAL_DESIGN_GEOMETRIC_PRESENTATION_REPRESENTATION('',(#1893),
#3901);
#3862=MECHANICAL_DESIGN_GEOMETRIC_PRESENTATION_REPRESENTATION('',(#1894),
#3902);
#3863=MECHANICAL_DESIGN_GEOMETRIC_PRESENTATION_REPRESENTATION('',(#1895),
#3903);
#3864=MECHANICAL_DESIGN_GEOMETRIC_PRESENTATION_REPRESENTATION('',(#1896),
#3904);
#3865=MECHANICAL_DESIGN_GEOMETRIC_PRESENTATION_REPRESENTATION('',(#1897),
#3905);
#3866=MECHANICAL_DESIGN_GEOMETRIC_PRESENTATION_REPRESENTATION('',(#1898),
#3906);
#3867=MECHANICAL_DESIGN_GEOMETRIC_PRESENTATION_REPRESENTATION('',(#1899),
#3907);
#3868=MECHANICAL_DESIGN_GEOMETRIC_PRESENTATION_REPRESENTATION('',(#1900),
#3908);
#3869=MECHANICAL_DESIGN_GEOMETRIC_PRESENTATION_REPRESENTATION('',(#1901),
#3909);
#3870=MECHANICAL_DESIGN_GEOMETRIC_PRESENTATION_REPRESENTATION('',(#1902),
#3910);
#3871=MECHANICAL_DESIGN_GEOMETRIC_PRESENTATION_REPRESENTATION('',(#1903),
#3911);
#3872=MECHANICAL_DESIGN_GEOMETRIC_PRESENTATION_REPRESENTATION('',(#1904),
#3912);
#3873=MECHANICAL_DESIGN_GEOMETRIC_PRESENTATION_REPRESENTATION('',(#1905),
#3913);
#3874=MECHANICAL_DESIGN_GEOMETRIC_PRESENTATION_REPRESENTATION('',(#1906),
#3914);
#3875=MECHANICAL_DESIGN_GEOMETRIC_PRESENTATION_REPRESENTATION('',(#1907),
#3915);
#3876=(
GEOMETRIC_REPRESENTATION_CONTEXT(3)
GLOBAL_UNCERTAINTY_ASSIGNED_CONTEXT((#3916))
GLOBAL_UNIT_ASSIGNED_CONTEXT((#4036,#3996,#3956))
REPRESENTATION_CONTEXT('Part 8','TOP_LEVEL_ASSEMBLY_PART')
);
#3877=(
GEOMETRIC_REPRESENTATION_CONTEXT(3)
GLOBAL_UNCERTAINTY_ASSIGNED_CONTEXT((#3917))
GLOBAL_UNIT_ASSIGNED_CONTEXT((#4037,#3997,#3957))
REPRESENTATION_CONTEXT('Part 40','TOP_LEVEL_ASSEMBLY_PART')
);
#3878=(
GEOMETRIC_REPRESENTATION_CONTEXT(3)
GLOBAL_UNCERTAINTY_ASSIGNED_CONTEXT((#3918))
GLOBAL_UNIT_ASSIGNED_CONTEXT((#4038,#3998,#3958))
REPRESENTATION_CONTEXT('Part 18','TOP_LEVEL_ASSEMBLY_PART')
);
#3879=(
GEOMETRIC_REPRESENTATION_CONTEXT(3)
GLOBAL_UNCERTAINTY_ASSIGNED_CONTEXT((#3919))
GLOBAL_UNIT_ASSIGNED_CONTEXT((#4039,#3999,#3959))
REPRESENTATION_CONTEXT('Part 9','TOP_LEVEL_ASSEMBLY_PART')
);
#3880=(
GEOMETRIC_REPRESENTATION_CONTEXT(3)
GLOBAL_UNCERTAINTY_ASSIGNED_CONTEXT((#3920))
GLOBAL_UNIT_ASSIGNED_CONTEXT((#4040,#4000,#3960))
REPRESENTATION_CONTEXT('Part 19','TOP_LEVEL_ASSEMBLY_PART')
);
#3881=(
GEOMETRIC_REPRESENTATION_CONTEXT(3)
GLOBAL_UNCERTAINTY_ASSIGNED_CONTEXT((#3921))
GLOBAL_UNIT_ASSIGNED_CONTEXT((#4041,#4001,#3961))
REPRESENTATION_CONTEXT('Part 1','TOP_LEVEL_ASSEMBLY_PART')
);
#3882=(
GEOMETRIC_REPRESENTATION_CONTEXT(3)
GLOBAL_UNCERTAINTY_ASSIGNED_CONTEXT((#3922))
GLOBAL_UNIT_ASSIGNED_CONTEXT((#4042,#4002,#3962))
REPRESENTATION_CONTEXT('Part 10','TOP_LEVEL_ASSEMBLY_PART')
);
#3883=(
GEOMETRIC_REPRESENTATION_CONTEXT(3)
GLOBAL_UNCERTAINTY_ASSIGNED_CONTEXT((#3923))
GLOBAL_UNIT_ASSIGNED_CONTEXT((#4043,#4003,#3963))
REPRESENTATION_CONTEXT('Part 20','TOP_LEVEL_ASSEMBLY_PART')
);
#3884=(
GEOMETRIC_REPRESENTATION_CONTEXT(3)
GLOBAL_UNCERTAINTY_ASSIGNED_CONTEXT((#3924))
GLOBAL_UNIT_ASSIGNED_CONTEXT((#4044,#4004,#3964))
REPRESENTATION_CONTEXT('Part 11','TOP_LEVEL_ASSEMBLY_PART')
);
#3885=(
GEOMETRIC_REPRESENTATION_CONTEXT(3)
GLOBAL_UNCERTAINTY_ASSIGNED_CONTEXT((#3925))
GLOBAL_UNIT_ASSIGNED_CONTEXT((#4045,#4005,#3965))
REPRESENTATION_CONTEXT('Part 21','TOP_LEVEL_ASSEMBLY_PART')
);
#3886=(
GEOMETRIC_REPRESENTATION_CONTEXT(3)
GLOBAL_UNCERTAINTY_ASSIGNED_CONTEXT((#3926))
GLOBAL_UNIT_ASSIGNED_CONTEXT((#4046,#4006,#3966))
REPRESENTATION_CONTEXT('Part 17','TOP_LEVEL_ASSEMBLY_PART')
);
#3887=(
GEOMETRIC_REPRESENTATION_CONTEXT(3)
GLOBAL_UNCERTAINTY_ASSIGNED_CONTEXT((#3927))
GLOBAL_UNIT_ASSIGNED_CONTEXT((#4047,#4007,#3967))
REPRESENTATION_CONTEXT('Part 12','TOP_LEVEL_ASSEMBLY_PART')
);
#3888=(
GEOMETRIC_REPRESENTATION_CONTEXT(3)
GLOBAL_UNCERTAINTY_ASSIGNED_CONTEXT((#3928))
GLOBAL_UNIT_ASSIGNED_CONTEXT((#4048,#4008,#3968))
REPRESENTATION_CONTEXT('Part 22','TOP_LEVEL_ASSEMBLY_PART')
);
#3889=(
GEOMETRIC_REPRESENTATION_CONTEXT(3)
GLOBAL_UNCERTAINTY_ASSIGNED_CONTEXT((#3929))
GLOBAL_UNIT_ASSIGNED_CONTEXT((#4049,#4009,#3969))
REPRESENTATION_CONTEXT('Part 15','TOP_LEVEL_ASSEMBLY_PART')
);
#3890=(
GEOMETRIC_REPRESENTATION_CONTEXT(3)
GLOBAL_UNCERTAINTY_ASSIGNED_CONTEXT((#3930))
GLOBAL_UNIT_ASSIGNED_CONTEXT((#4050,#4010,#3970))
REPRESENTATION_CONTEXT('Part 13','TOP_LEVEL_ASSEMBLY_PART')
);
#3891=(
GEOMETRIC_REPRESENTATION_CONTEXT(3)
GLOBAL_UNCERTAINTY_ASSIGNED_CONTEXT((#3931))
GLOBAL_UNIT_ASSIGNED_CONTEXT((#4051,#4011,#3971))
REPRESENTATION_CONTEXT('Part 23','TOP_LEVEL_ASSEMBLY_PART')
);
#3892=(
GEOMETRIC_REPRESENTATION_CONTEXT(3)
GLOBAL_UNCERTAINTY_ASSIGNED_CONTEXT((#3932))
GLOBAL_UNIT_ASSIGNED_CONTEXT((#4052,#4012,#3972))
REPRESENTATION_CONTEXT('Part 16','TOP_LEVEL_ASSEMBLY_PART')
);
#3893=(
GEOMETRIC_REPRESENTATION_CONTEXT(3)
GLOBAL_UNCERTAINTY_ASSIGNED_CONTEXT((#3933))
GLOBAL_UNIT_ASSIGNED_CONTEXT((#4053,#4013,#3973))
REPRESENTATION_CONTEXT('Part 14','TOP_LEVEL_ASSEMBLY_PART')
);
#3894=(
GEOMETRIC_REPRESENTATION_CONTEXT(3)
GLOBAL_UNCERTAINTY_ASSIGNED_CONTEXT((#3934))
GLOBAL_UNIT_ASSIGNED_CONTEXT((#4054,#4014,#3974))
REPRESENTATION_CONTEXT('Part 24','TOP_LEVEL_ASSEMBLY_PART')
);
#3895=(
GEOMETRIC_REPRESENTATION_CONTEXT(3)
GLOBAL_UNCERTAINTY_ASSIGNED_CONTEXT((#3935))
GLOBAL_UNIT_ASSIGNED_CONTEXT((#4055,#4015,#3975))
REPRESENTATION_CONTEXT('Part 2','TOP_LEVEL_ASSEMBLY_PART')
);
#3896=(
GEOMETRIC_REPRESENTATION_CONTEXT(3)
GLOBAL_UNCERTAINTY_ASSIGNED_CONTEXT((#3936))
GLOBAL_UNIT_ASSIGNED_CONTEXT((#4056,#4016,#3976))
REPRESENTATION_CONTEXT('Part 34','TOP_LEVEL_ASSEMBLY_PART')
);
#3897=(
GEOMETRIC_REPRESENTATION_CONTEXT(3)
GLOBAL_UNCERTAINTY_ASSIGNED_CONTEXT((#3937))
GLOBAL_UNIT_ASSIGNED_CONTEXT((#4057,#4017,#3977))
REPRESENTATION_CONTEXT('Part 25','TOP_LEVEL_ASSEMBLY_PART')
);
#3898=(
GEOMETRIC_REPRESENTATION_CONTEXT(3)
GLOBAL_UNCERTAINTY_ASSIGNED_CONTEXT((#3938))
GLOBAL_UNIT_ASSIGNED_CONTEXT((#4058,#4018,#3978))
REPRESENTATION_CONTEXT('Part 3','TOP_LEVEL_ASSEMBLY_PART')
);
#3899=(
GEOMETRIC_REPRESENTATION_CONTEXT(3)
GLOBAL_UNCERTAINTY_ASSIGNED_CONTEXT((#3939))
GLOBAL_UNIT_ASSIGNED_CONTEXT((#4059,#4019,#3979))
REPRESENTATION_CONTEXT('Part 35','TOP_LEVEL_ASSEMBLY_PART')
);
#3900=(
GEOMETRIC_REPRESENTATION_CONTEXT(3)
GLOBAL_UNCERTAINTY_ASSIGNED_CONTEXT((#3940))
GLOBAL_UNIT_ASSIGNED_CONTEXT((#4060,#4020,#3980))
REPRESENTATION_CONTEXT('Part 26','TOP_LEVEL_ASSEMBLY_PART')
);
#3901=(
GEOMETRIC_REPRESENTATION_CONTEXT(3)
GLOBAL_UNCERTAINTY_ASSIGNED_CONTEXT((#3941))
GLOBAL_UNIT_ASSIGNED_CONTEXT((#4061,#4021,#3981))
REPRESENTATION_CONTEXT('Part 4','TOP_LEVEL_ASSEMBLY_PART')
);
#3902=(
GEOMETRIC_REPRESENTATION_CONTEXT(3)
GLOBAL_UNCERTAINTY_ASSIGNED_CONTEXT((#3942))
GLOBAL_UNIT_ASSIGNED_CONTEXT((#4062,#4022,#3982))
REPRESENTATION_CONTEXT('Part 33','TOP_LEVEL_ASSEMBLY_PART')
);
#3903=(
GEOMETRIC_REPRESENTATION_CONTEXT(3)
GLOBAL_UNCERTAINTY_ASSIGNED_CONTEXT((#3943))
GLOBAL_UNIT_ASSIGNED_CONTEXT((#4063,#4023,#3983))
REPRESENTATION_CONTEXT('Part 36','TOP_LEVEL_ASSEMBLY_PART')
);
#3904=(
GEOMETRIC_REPRESENTATION_CONTEXT(3)
GLOBAL_UNCERTAINTY_ASSIGNED_CONTEXT((#3944))
GLOBAL_UNIT_ASSIGNED_CONTEXT((#4064,#4024,#3984))
REPRESENTATION_CONTEXT('Part 27','TOP_LEVEL_ASSEMBLY_PART')
);
#3905=(
GEOMETRIC_REPRESENTATION_CONTEXT(3)
GLOBAL_UNCERTAINTY_ASSIGNED_CONTEXT((#3945))
GLOBAL_UNIT_ASSIGNED_CONTEXT((#4065,#4025,#3985))
REPRESENTATION_CONTEXT('Part 5','TOP_LEVEL_ASSEMBLY_PART')
);
#3906=(
GEOMETRIC_REPRESENTATION_CONTEXT(3)
GLOBAL_UNCERTAINTY_ASSIGNED_CONTEXT((#3946))
GLOBAL_UNIT_ASSIGNED_CONTEXT((#4066,#4026,#3986))
REPRESENTATION_CONTEXT('Part 31','TOP_LEVEL_ASSEMBLY_PART')
);
#3907=(
GEOMETRIC_REPRESENTATION_CONTEXT(3)
GLOBAL_UNCERTAINTY_ASSIGNED_CONTEXT((#3947))
GLOBAL_UNIT_ASSIGNED_CONTEXT((#4067,#4027,#3987))
REPRESENTATION_CONTEXT('Part 37','TOP_LEVEL_ASSEMBLY_PART')
);
#3908=(
GEOMETRIC_REPRESENTATION_CONTEXT(3)
GLOBAL_UNCERTAINTY_ASSIGNED_CONTEXT((#3948))
GLOBAL_UNIT_ASSIGNED_CONTEXT((#4068,#4028,#3988))
REPRESENTATION_CONTEXT('Part 28','TOP_LEVEL_ASSEMBLY_PART')
);
#3909=(
GEOMETRIC_REPRESENTATION_CONTEXT(3)
GLOBAL_UNCERTAINTY_ASSIGNED_CONTEXT((#3949))
GLOBAL_UNIT_ASSIGNED_CONTEXT((#4069,#4029,#3989))
REPRESENTATION_CONTEXT('Part 6','TOP_LEVEL_ASSEMBLY_PART')
);
#3910=(
GEOMETRIC_REPRESENTATION_CONTEXT(3)
GLOBAL_UNCERTAINTY_ASSIGNED_CONTEXT((#3950))
GLOBAL_UNIT_ASSIGNED_CONTEXT((#4070,#4030,#3990))
REPRESENTATION_CONTEXT('Part 32','TOP_LEVEL_ASSEMBLY_PART')
);
#3911=(
GEOMETRIC_REPRESENTATION_CONTEXT(3)
GLOBAL_UNCERTAINTY_ASSIGNED_CONTEXT((#3951))
GLOBAL_UNIT_ASSIGNED_CONTEXT((#4071,#4031,#3991))
REPRESENTATION_CONTEXT('Part 38','TOP_LEVEL_ASSEMBLY_PART')
);
#3912=(
GEOMETRIC_REPRESENTATION_CONTEXT(3)
GLOBAL_UNCERTAINTY_ASSIGNED_CONTEXT((#3952))
GLOBAL_UNIT_ASSIGNED_CONTEXT((#4072,#4032,#3992))
REPRESENTATION_CONTEXT('Part 29','TOP_LEVEL_ASSEMBLY_PART')
);
#3913=(
GEOMETRIC_REPRESENTATION_CONTEXT(3)
GLOBAL_UNCERTAINTY_ASSIGNED_CONTEXT((#3953))
GLOBAL_UNIT_ASSIGNED_CONTEXT((#4073,#4033,#3993))
REPRESENTATION_CONTEXT('Part 7','TOP_LEVEL_ASSEMBLY_PART')
);
#3914=(
GEOMETRIC_REPRESENTATION_CONTEXT(3)
GLOBAL_UNCERTAINTY_ASSIGNED_CONTEXT((#3954))
GLOBAL_UNIT_ASSIGNED_CONTEXT((#4074,#4034,#3994))
REPRESENTATION_CONTEXT('Part 30','TOP_LEVEL_ASSEMBLY_PART')
);
#3915=(
GEOMETRIC_REPRESENTATION_CONTEXT(3)
GLOBAL_UNCERTAINTY_ASSIGNED_CONTEXT((#3955))
GLOBAL_UNIT_ASSIGNED_CONTEXT((#4075,#4035,#3995))
REPRESENTATION_CONTEXT('Part 39','TOP_LEVEL_ASSEMBLY_PART')
);
#3916=UNCERTAINTY_MEASURE_WITH_UNIT(LENGTH_MEASURE(1.E-8),#4036,
'DISTANCE_ACCURACY_VALUE','Maximum Tolerance applied to model');
#3917=UNCERTAINTY_MEASURE_WITH_UNIT(LENGTH_MEASURE(1.E-8),#4037,
'DISTANCE_ACCURACY_VALUE','Maximum Tolerance applied to model');
#3918=UNCERTAINTY_MEASURE_WITH_UNIT(LENGTH_MEASURE(1.E-8),#4038,
'DISTANCE_ACCURACY_VALUE','Maximum Tolerance applied to model');
#3919=UNCERTAINTY_MEASURE_WITH_UNIT(LENGTH_MEASURE(1.E-8),#4039,
'DISTANCE_ACCURACY_VALUE','Maximum Tolerance applied to model');
#3920=UNCERTAINTY_MEASURE_WITH_UNIT(LENGTH_MEASURE(1.E-8),#4040,
'DISTANCE_ACCURACY_VALUE','Maximum Tolerance applied to model');
#3921=UNCERTAINTY_MEASURE_WITH_UNIT(LENGTH_MEASURE(1.E-8),#4041,
'DISTANCE_ACCURACY_VALUE','Maximum Tolerance applied to model');
#3922=UNCERTAINTY_MEASURE_WITH_UNIT(LENGTH_MEASURE(1.E-8),#4042,
'DISTANCE_ACCURACY_VALUE','Maximum Tolerance applied to model');
#3923=UNCERTAINTY_MEASURE_WITH_UNIT(LENGTH_MEASURE(1.E-8),#4043,
'DISTANCE_ACCURACY_VALUE','Maximum Tolerance applied to model');
#3924=UNCERTAINTY_MEASURE_WITH_UNIT(LENGTH_MEASURE(1.E-8),#4044,
'DISTANCE_ACCURACY_VALUE','Maximum Tolerance applied to model');
#3925=UNCERTAINTY_MEASURE_WITH_UNIT(LENGTH_MEASURE(1.E-8),#4045,
'DISTANCE_ACCURACY_VALUE','Maximum Tolerance applied to model');
#3926=UNCERTAINTY_MEASURE_WITH_UNIT(LENGTH_MEASURE(1.E-8),#4046,
'DISTANCE_ACCURACY_VALUE','Maximum Tolerance applied to model');
#3927=UNCERTAINTY_MEASURE_WITH_UNIT(LENGTH_MEASURE(1.E-8),#4047,
'DISTANCE_ACCURACY_VALUE','Maximum Tolerance applied to model');
#3928=UNCERTAINTY_MEASURE_WITH_UNIT(LENGTH_MEASURE(1.E-8),#4048,
'DISTANCE_ACCURACY_VALUE','Maximum Tolerance applied to model');
#3929=UNCERTAINTY_MEASURE_WITH_UNIT(LENGTH_MEASURE(1.E-8),#4049,
'DISTANCE_ACCURACY_VALUE','Maximum Tolerance applied to model');
#3930=UNCERTAINTY_MEASURE_WITH_UNIT(LENGTH_MEASURE(1.E-8),#4050,
'DISTANCE_ACCURACY_VALUE','Maximum Tolerance applied to model');
#3931=UNCERTAINTY_MEASURE_WITH_UNIT(LENGTH_MEASURE(1.E-8),#4051,
'DISTANCE_ACCURACY_VALUE','Maximum Tolerance applied to model');
#3932=UNCERTAINTY_MEASURE_WITH_UNIT(LENGTH_MEASURE(1.E-8),#4052,
'DISTANCE_ACCURACY_VALUE','Maximum Tolerance applied to model');
#3933=UNCERTAINTY_MEASURE_WITH_UNIT(LENGTH_MEASURE(1.E-8),#4053,
'DISTANCE_ACCURACY_VALUE','Maximum Tolerance applied to model');
#3934=UNCERTAINTY_MEASURE_WITH_UNIT(LENGTH_MEASURE(1.E-8),#4054,
'DISTANCE_ACCURACY_VALUE','Maximum Tolerance applied to model');
#3935=UNCERTAINTY_MEASURE_WITH_UNIT(LENGTH_MEASURE(1.E-8),#4055,
'DISTANCE_ACCURACY_VALUE','Maximum Tolerance applied to model');
#3936=UNCERTAINTY_MEASURE_WITH_UNIT(LENGTH_MEASURE(1.E-8),#4056,
'DISTANCE_ACCURACY_VALUE','Maximum Tolerance applied to model');
#3937=UNCERTAINTY_MEASURE_WITH_UNIT(LENGTH_MEASURE(1.E-8),#4057,
'DISTANCE_ACCURACY_VALUE','Maximum Tolerance applied to model');
#3938=UNCERTAINTY_MEASURE_WITH_UNIT(LENGTH_MEASURE(1.E-8),#4058,
'DISTANCE_ACCURACY_VALUE','Maximum Tolerance applied to model');
#3939=UNCERTAINTY_MEASURE_WITH_UNIT(LENGTH_MEASURE(1.E-8),#4059,
'DISTANCE_ACCURACY_VALUE','Maximum Tolerance applied to model');
#3940=UNCERTAINTY_MEASURE_WITH_UNIT(LENGTH_MEASURE(1.E-8),#4060,
'DISTANCE_ACCURACY_VALUE','Maximum Tolerance applied to model');
#3941=UNCERTAINTY_MEASURE_WITH_UNIT(LENGTH_MEASURE(1.E-8),#4061,
'DISTANCE_ACCURACY_VALUE','Maximum Tolerance applied to model');
#3942=UNCERTAINTY_MEASURE_WITH_UNIT(LENGTH_MEASURE(1.E-8),#4062,
'DISTANCE_ACCURACY_VALUE','Maximum Tolerance applied to model');
#3943=UNCERTAINTY_MEASURE_WITH_UNIT(LENGTH_MEASURE(1.E-8),#4063,
'DISTANCE_ACCURACY_VALUE','Maximum Tolerance applied to model');
#3944=UNCERTAINTY_MEASURE_WITH_UNIT(LENGTH_MEASURE(1.E-8),#4064,
'DISTANCE_ACCURACY_VALUE','Maximum Tolerance applied to model');
#3945=UNCERTAINTY_MEASURE_WITH_UNIT(LENGTH_MEASURE(1.E-8),#4065,
'DISTANCE_ACCURACY_VALUE','Maximum Tolerance applied to model');
#3946=UNCERTAINTY_MEASURE_WITH_UNIT(LENGTH_MEASURE(1.E-8),#4066,
'DISTANCE_ACCURACY_VALUE','Maximum Tolerance applied to model');
#3947=UNCERTAINTY_MEASURE_WITH_UNIT(LENGTH_MEASURE(1.E-8),#4067,
'DISTANCE_ACCURACY_VALUE','Maximum Tolerance applied to model');
#3948=UNCERTAINTY_MEASURE_WITH_UNIT(LENGTH_MEASURE(1.E-8),#4068,
'DISTANCE_ACCURACY_VALUE','Maximum Tolerance applied to model');
#3949=UNCERTAINTY_MEASURE_WITH_UNIT(LENGTH_MEASURE(1.E-8),#4069,
'DISTANCE_ACCURACY_VALUE','Maximum Tolerance applied to model');
#3950=UNCERTAINTY_MEASURE_WITH_UNIT(LENGTH_MEASURE(1.E-8),#4070,
'DISTANCE_ACCURACY_VALUE','Maximum Tolerance applied to model');
#3951=UNCERTAINTY_MEASURE_WITH_UNIT(LENGTH_MEASURE(1.E-8),#4071,
'DISTANCE_ACCURACY_VALUE','Maximum Tolerance applied to model');
#3952=UNCERTAINTY_MEASURE_WITH_UNIT(LENGTH_MEASURE(1.E-8),#4072,
'DISTANCE_ACCURACY_VALUE','Maximum Tolerance applied to model');
#3953=UNCERTAINTY_MEASURE_WITH_UNIT(LENGTH_MEASURE(1.E-8),#4073,
'DISTANCE_ACCURACY_VALUE','Maximum Tolerance applied to model');
#3954=UNCERTAINTY_MEASURE_WITH_UNIT(LENGTH_MEASURE(1.E-8),#4074,
'DISTANCE_ACCURACY_VALUE','Maximum Tolerance applied to model');
#3955=UNCERTAINTY_MEASURE_WITH_UNIT(LENGTH_MEASURE(1.E-8),#4075,
'DISTANCE_ACCURACY_VALUE','Maximum Tolerance applied to model');
#3956=(
NAMED_UNIT(*)
SI_UNIT($,.STERADIAN.)
SOLID_ANGLE_UNIT()
);
#3957=(
NAMED_UNIT(*)
SI_UNIT($,.STERADIAN.)
SOLID_ANGLE_UNIT()
);
#3958=(
NAMED_UNIT(*)
SI_UNIT($,.STERADIAN.)
SOLID_ANGLE_UNIT()
);
#3959=(
NAMED_UNIT(*)
SI_UNIT($,.STERADIAN.)
SOLID_ANGLE_UNIT()
);
#3960=(
NAMED_UNIT(*)
SI_UNIT($,.STERADIAN.)
SOLID_ANGLE_UNIT()
);
#3961=(
NAMED_UNIT(*)
SI_UNIT($,.STERADIAN.)
SOLID_ANGLE_UNIT()
);
#3962=(
NAMED_UNIT(*)
SI_UNIT($,.STERADIAN.)
SOLID_ANGLE_UNIT()
);
#3963=(
NAMED_UNIT(*)
SI_UNIT($,.STERADIAN.)
SOLID_ANGLE_UNIT()
);
#3964=(
NAMED_UNIT(*)
SI_UNIT($,.STERADIAN.)
SOLID_ANGLE_UNIT()
);
#3965=(
NAMED_UNIT(*)
SI_UNIT($,.STERADIAN.)
SOLID_ANGLE_UNIT()
);
#3966=(
NAMED_UNIT(*)
SI_UNIT($,.STERADIAN.)
SOLID_ANGLE_UNIT()
);
#3967=(
NAMED_UNIT(*)
SI_UNIT($,.STERADIAN.)
SOLID_ANGLE_UNIT()
);
#3968=(
NAMED_UNIT(*)
SI_UNIT($,.STERADIAN.)
SOLID_ANGLE_UNIT()
);
#3969=(
NAMED_UNIT(*)
SI_UNIT($,.STERADIAN.)
SOLID_ANGLE_UNIT()
);
#3970=(
NAMED_UNIT(*)
SI_UNIT($,.STERADIAN.)
SOLID_ANGLE_UNIT()
);
#3971=(
NAMED_UNIT(*)
SI_UNIT($,.STERADIAN.)
SOLID_ANGLE_UNIT()
);
#3972=(
NAMED_UNIT(*)
SI_UNIT($,.STERADIAN.)
SOLID_ANGLE_UNIT()
);
#3973=(
NAMED_UNIT(*)
SI_UNIT($,.STERADIAN.)
SOLID_ANGLE_UNIT()
);
#3974=(
NAMED_UNIT(*)
SI_UNIT($,.STERADIAN.)
SOLID_ANGLE_UNIT()
);
#3975=(
NAMED_UNIT(*)
SI_UNIT($,.STERADIAN.)
SOLID_ANGLE_UNIT()
);
#3976=(
NAMED_UNIT(*)
SI_UNIT($,.STERADIAN.)
SOLID_ANGLE_UNIT()
);
#3977=(
NAMED_UNIT(*)
SI_UNIT($,.STERADIAN.)
SOLID_ANGLE_UNIT()
);
#3978=(
NAMED_UNIT(*)
SI_UNIT($,.STERADIAN.)
SOLID_ANGLE_UNIT()
);
#3979=(
NAMED_UNIT(*)
SI_UNIT($,.STERADIAN.)
SOLID_ANGLE_UNIT()
);
#3980=(
NAMED_UNIT(*)
SI_UNIT($,.STERADIAN.)
SOLID_ANGLE_UNIT()
);
#3981=(
NAMED_UNIT(*)
SI_UNIT($,.STERADIAN.)
SOLID_ANGLE_UNIT()
);
#3982=(
NAMED_UNIT(*)
SI_UNIT($,.STERADIAN.)
SOLID_ANGLE_UNIT()
);
#3983=(
NAMED_UNIT(*)
SI_UNIT($,.STERADIAN.)
SOLID_ANGLE_UNIT()
);
#3984=(
NAMED_UNIT(*)
SI_UNIT($,.STERADIAN.)
SOLID_ANGLE_UNIT()
);
#3985=(
NAMED_UNIT(*)
SI_UNIT($,.STERADIAN.)
SOLID_ANGLE_UNIT()
);
#3986=(
NAMED_UNIT(*)
SI_UNIT($,.STERADIAN.)
SOLID_ANGLE_UNIT()
);
#3987=(
NAMED_UNIT(*)
SI_UNIT($,.STERADIAN.)
SOLID_ANGLE_UNIT()
);
#3988=(
NAMED_UNIT(*)
SI_UNIT($,.STERADIAN.)
SOLID_ANGLE_UNIT()
);
#3989=(
NAMED_UNIT(*)
SI_UNIT($,.STERADIAN.)
SOLID_ANGLE_UNIT()
);
#3990=(
NAMED_UNIT(*)
SI_UNIT($,.STERADIAN.)
SOLID_ANGLE_UNIT()
);
#3991=(
NAMED_UNIT(*)
SI_UNIT($,.STERADIAN.)
SOLID_ANGLE_UNIT()
);
#3992=(
NAMED_UNIT(*)
SI_UNIT($,.STERADIAN.)
SOLID_ANGLE_UNIT()
);
#3993=(
NAMED_UNIT(*)
SI_UNIT($,.STERADIAN.)
SOLID_ANGLE_UNIT()
);
#3994=(
NAMED_UNIT(*)
SI_UNIT($,.STERADIAN.)
SOLID_ANGLE_UNIT()
);
#3995=(
NAMED_UNIT(*)
SI_UNIT($,.STERADIAN.)
SOLID_ANGLE_UNIT()
);
#3996=(
NAMED_UNIT(*)
PLANE_ANGLE_UNIT()
SI_UNIT($,.RADIAN.)
);
#3997=(
NAMED_UNIT(*)
PLANE_ANGLE_UNIT()
SI_UNIT($,.RADIAN.)
);
#3998=(
NAMED_UNIT(*)
PLANE_ANGLE_UNIT()
SI_UNIT($,.RADIAN.)
);
#3999=(
NAMED_UNIT(*)
PLANE_ANGLE_UNIT()
SI_UNIT($,.RADIAN.)
);
#4000=(
NAMED_UNIT(*)
PLANE_ANGLE_UNIT()
SI_UNIT($,.RADIAN.)
);
#4001=(
NAMED_UNIT(*)
PLANE_ANGLE_UNIT()
SI_UNIT($,.RADIAN.)
);
#4002=(
NAMED_UNIT(*)
PLANE_ANGLE_UNIT()
SI_UNIT($,.RADIAN.)
);
#4003=(
NAMED_UNIT(*)
PLANE_ANGLE_UNIT()
SI_UNIT($,.RADIAN.)
);
#4004=(
NAMED_UNIT(*)
PLANE_ANGLE_UNIT()
SI_UNIT($,.RADIAN.)
);
#4005=(
NAMED_UNIT(*)
PLANE_ANGLE_UNIT()
SI_UNIT($,.RADIAN.)
);
#4006=(
NAMED_UNIT(*)
PLANE_ANGLE_UNIT()
SI_UNIT($,.RADIAN.)
);
#4007=(
NAMED_UNIT(*)
PLANE_ANGLE_UNIT()
SI_UNIT($,.RADIAN.)
);
#4008=(
NAMED_UNIT(*)
PLANE_ANGLE_UNIT()
SI_UNIT($,.RADIAN.)
);
#4009=(
NAMED_UNIT(*)
PLANE_ANGLE_UNIT()
SI_UNIT($,.RADIAN.)
);
#4010=(
NAMED_UNIT(*)
PLANE_ANGLE_UNIT()
SI_UNIT($,.RADIAN.)
);
#4011=(
NAMED_UNIT(*)
PLANE_ANGLE_UNIT()
SI_UNIT($,.RADIAN.)
);
#4012=(
NAMED_UNIT(*)
PLANE_ANGLE_UNIT()
SI_UNIT($,.RADIAN.)
);
#4013=(
NAMED_UNIT(*)
PLANE_ANGLE_UNIT()
SI_UNIT($,.RADIAN.)
);
#4014=(
NAMED_UNIT(*)
PLANE_ANGLE_UNIT()
SI_UNIT($,.RADIAN.)
);
#4015=(
NAMED_UNIT(*)
PLANE_ANGLE_UNIT()
SI_UNIT($,.RADIAN.)
);
#4016=(
NAMED_UNIT(*)
PLANE_ANGLE_UNIT()
SI_UNIT($,.RADIAN.)
);
#4017=(
NAMED_UNIT(*)
PLANE_ANGLE_UNIT()
SI_UNIT($,.RADIAN.)
);
#4018=(
NAMED_UNIT(*)
PLANE_ANGLE_UNIT()
SI_UNIT($,.RADIAN.)
);
#4019=(
NAMED_UNIT(*)
PLANE_ANGLE_UNIT()
SI_UNIT($,.RADIAN.)
);
#4020=(
NAMED_UNIT(*)
PLANE_ANGLE_UNIT()
SI_UNIT($,.RADIAN.)
);
#4021=(
NAMED_UNIT(*)
PLANE_ANGLE_UNIT()
SI_UNIT($,.RADIAN.)
);
#4022=(
NAMED_UNIT(*)
PLANE_ANGLE_UNIT()
SI_UNIT($,.RADIAN.)
);
#4023=(
NAMED_UNIT(*)
PLANE_ANGLE_UNIT()
SI_UNIT($,.RADIAN.)
);
#4024=(
NAMED_UNIT(*)
PLANE_ANGLE_UNIT()
SI_UNIT($,.RADIAN.)
);
#4025=(
NAMED_UNIT(*)
PLANE_ANGLE_UNIT()
SI_UNIT($,.RADIAN.)
);
#4026=(
NAMED_UNIT(*)
PLANE_ANGLE_UNIT()
SI_UNIT($,.RADIAN.)
);
#4027=(
NAMED_UNIT(*)
PLANE_ANGLE_UNIT()
SI_UNIT($,.RADIAN.)
);
#4028=(
NAMED_UNIT(*)
PLANE_ANGLE_UNIT()
SI_UNIT($,.RADIAN.)
);
#4029=(
NAMED_UNIT(*)
PLANE_ANGLE_UNIT()
SI_UNIT($,.RADIAN.)
);
#4030=(
NAMED_UNIT(*)
PLANE_ANGLE_UNIT()
SI_UNIT($,.RADIAN.)
);
#4031=(
NAMED_UNIT(*)
PLANE_ANGLE_UNIT()
SI_UNIT($,.RADIAN.)
);
#4032=(
NAMED_UNIT(*)
PLANE_ANGLE_UNIT()
SI_UNIT($,.RADIAN.)
);
#4033=(
NAMED_UNIT(*)
PLANE_ANGLE_UNIT()
SI_UNIT($,.RADIAN.)
);
#4034=(
NAMED_UNIT(*)
PLANE_ANGLE_UNIT()
SI_UNIT($,.RADIAN.)
);
#4035=(
NAMED_UNIT(*)
PLANE_ANGLE_UNIT()
SI_UNIT($,.RADIAN.)
);
#4036=(
LENGTH_UNIT()
NAMED_UNIT(*)
SI_UNIT($,.METRE.)
);
#4037=(
LENGTH_UNIT()
NAMED_UNIT(*)
SI_UNIT($,.METRE.)
);
#4038=(
LENGTH_UNIT()
NAMED_UNIT(*)
SI_UNIT($,.METRE.)
);
#4039=(
LENGTH_UNIT()
NAMED_UNIT(*)
SI_UNIT($,.METRE.)
);
#4040=(
LENGTH_UNIT()
NAMED_UNIT(*)
SI_UNIT($,.METRE.)
);
#4041=(
LENGTH_UNIT()
NAMED_UNIT(*)
SI_UNIT($,.METRE.)
);
#4042=(
LENGTH_UNIT()
NAMED_UNIT(*)
SI_UNIT($,.METRE.)
);
#4043=(
LENGTH_UNIT()
NAMED_UNIT(*)
SI_UNIT($,.METRE.)
);
#4044=(
LENGTH_UNIT()
NAMED_UNIT(*)
SI_UNIT($,.METRE.)
);
#4045=(
LENGTH_UNIT()
NAMED_UNIT(*)
SI_UNIT($,.METRE.)
);
#4046=(
LENGTH_UNIT()
NAMED_UNIT(*)
SI_UNIT($,.METRE.)
);
#4047=(
LENGTH_UNIT()
NAMED_UNIT(*)
SI_UNIT($,.METRE.)
);
#4048=(
LENGTH_UNIT()
NAMED_UNIT(*)
SI_UNIT($,.METRE.)
);
#4049=(
LENGTH_UNIT()
NAMED_UNIT(*)
SI_UNIT($,.METRE.)
);
#4050=(
LENGTH_UNIT()
NAMED_UNIT(*)
SI_UNIT($,.METRE.)
);
#4051=(
LENGTH_UNIT()
NAMED_UNIT(*)
SI_UNIT($,.METRE.)
);
#4052=(
LENGTH_UNIT()
NAMED_UNIT(*)
SI_UNIT($,.METRE.)
);
#4053=(
LENGTH_UNIT()
NAMED_UNIT(*)
SI_UNIT($,.METRE.)
);
#4054=(
LENGTH_UNIT()
NAMED_UNIT(*)
SI_UNIT($,.METRE.)
);
#4055=(
LENGTH_UNIT()
NAMED_UNIT(*)
SI_UNIT($,.METRE.)
);
#4056=(
LENGTH_UNIT()
NAMED_UNIT(*)
SI_UNIT($,.METRE.)
);
#4057=(
LENGTH_UNIT()
NAMED_UNIT(*)
SI_UNIT($,.METRE.)
);
#4058=(
LENGTH_UNIT()
NAMED_UNIT(*)
SI_UNIT($,.METRE.)
);
#4059=(
LENGTH_UNIT()
NAMED_UNIT(*)
SI_UNIT($,.METRE.)
);
#4060=(
LENGTH_UNIT()
NAMED_UNIT(*)
SI_UNIT($,.METRE.)
);
#4061=(
LENGTH_UNIT()
NAMED_UNIT(*)
SI_UNIT($,.METRE.)
);
#4062=(
LENGTH_UNIT()
NAMED_UNIT(*)
SI_UNIT($,.METRE.)
);
#4063=(
LENGTH_UNIT()
NAMED_UNIT(*)
SI_UNIT($,.METRE.)
);
#4064=(
LENGTH_UNIT()
NAMED_UNIT(*)
SI_UNIT($,.METRE.)
);
#4065=(
LENGTH_UNIT()
NAMED_UNIT(*)
SI_UNIT($,.METRE.)
);
#4066=(
LENGTH_UNIT()
NAMED_UNIT(*)
SI_UNIT($,.METRE.)
);
#4067=(
LENGTH_UNIT()
NAMED_UNIT(*)
SI_UNIT($,.METRE.)
);
#4068=(
LENGTH_UNIT()
NAMED_UNIT(*)
SI_UNIT($,.METRE.)
);
#4069=(
LENGTH_UNIT()
NAMED_UNIT(*)
SI_UNIT($,.METRE.)
);
#4070=(
LENGTH_UNIT()
NAMED_UNIT(*)
SI_UNIT($,.METRE.)
);
#4071=(
LENGTH_UNIT()
NAMED_UNIT(*)
SI_UNIT($,.METRE.)
);
#4072=(
LENGTH_UNIT()
NAMED_UNIT(*)
SI_UNIT($,.METRE.)
);
#4073=(
LENGTH_UNIT()
NAMED_UNIT(*)
SI_UNIT($,.METRE.)
);
#4074=(
LENGTH_UNIT()
NAMED_UNIT(*)
SI_UNIT($,.METRE.)
);
#4075=(
LENGTH_UNIT()
NAMED_UNIT(*)
SI_UNIT($,.METRE.)
);
#4076=PRODUCT_DEFINITION_SHAPE('','',#4116);
#4077=PRODUCT_DEFINITION_SHAPE('','',#4117);
#4078=PRODUCT_DEFINITION_SHAPE('','',#4118);
#4079=PRODUCT_DEFINITION_SHAPE('','',#4119);
#4080=PRODUCT_DEFINITION_SHAPE('','',#4120);
#4081=PRODUCT_DEFINITION_SHAPE('','',#4121);
#4082=PRODUCT_DEFINITION_SHAPE('','',#4122);
#4083=PRODUCT_DEFINITION_SHAPE('','',#4123);
#4084=PRODUCT_DEFINITION_SHAPE('','',#4124);
#4085=PRODUCT_DEFINITION_SHAPE('','',#4125);
#4086=PRODUCT_DEFINITION_SHAPE('','',#4126);
#4087=PRODUCT_DEFINITION_SHAPE('','',#4127);
#4088=PRODUCT_DEFINITION_SHAPE('','',#4128);
#4089=PRODUCT_DEFINITION_SHAPE('','',#4129);
#4090=PRODUCT_DEFINITION_SHAPE('','',#4130);
#4091=PRODUCT_DEFINITION_SHAPE('','',#4131);
#4092=PRODUCT_DEFINITION_SHAPE('','',#4132);
#4093=PRODUCT_DEFINITION_SHAPE('','',#4133);
#4094=PRODUCT_DEFINITION_SHAPE('','',#4134);
#4095=PRODUCT_DEFINITION_SHAPE('','',#4135);
#4096=PRODUCT_DEFINITION_SHAPE('','',#4136);
#4097=PRODUCT_DEFINITION_SHAPE('','',#4137);
#4098=PRODUCT_DEFINITION_SHAPE('','',#4138);
#4099=PRODUCT_DEFINITION_SHAPE('','',#4139);
#4100=PRODUCT_DEFINITION_SHAPE('','',#4140);
#4101=PRODUCT_DEFINITION_SHAPE('','',#4141);
#4102=PRODUCT_DEFINITION_SHAPE('','',#4142);
#4103=PRODUCT_DEFINITION_SHAPE('','',#4143);
#4104=PRODUCT_DEFINITION_SHAPE('','',#4144);
#4105=PRODUCT_DEFINITION_SHAPE('','',#4145);
#4106=PRODUCT_DEFINITION_SHAPE('','',#4146);
#4107=PRODUCT_DEFINITION_SHAPE('','',#4147);
#4108=PRODUCT_DEFINITION_SHAPE('','',#4148);
#4109=PRODUCT_DEFINITION_SHAPE('','',#4149);
#4110=PRODUCT_DEFINITION_SHAPE('','',#4150);
#4111=PRODUCT_DEFINITION_SHAPE('','',#4151);
#4112=PRODUCT_DEFINITION_SHAPE('','',#4152);
#4113=PRODUCT_DEFINITION_SHAPE('','',#4153);
#4114=PRODUCT_DEFINITION_SHAPE('','',#4154);
#4115=PRODUCT_DEFINITION_SHAPE('','',#4155);
#4116=PRODUCT_DEFINITION('','',#4196,#4156);
#4117=PRODUCT_DEFINITION('','',#4197,#4157);
#4118=PRODUCT_DEFINITION('','',#4198,#4158);
#4119=PRODUCT_DEFINITION('','',#4199,#4159);
#4120=PRODUCT_DEFINITION('','',#4200,#4160);
#4121=PRODUCT_DEFINITION('','',#4201,#4161);
#4122=PRODUCT_DEFINITION('','',#4202,#4162);
#4123=PRODUCT_DEFINITION('','',#4203,#4163);
#4124=PRODUCT_DEFINITION('','',#4204,#4164);
#4125=PRODUCT_DEFINITION('','',#4205,#4165);
#4126=PRODUCT_DEFINITION('','',#4206,#4166);
#4127=PRODUCT_DEFINITION('','',#4207,#4167);
#4128=PRODUCT_DEFINITION('','',#4208,#4168);
#4129=PRODUCT_DEFINITION('','',#4209,#4169);
#4130=PRODUCT_DEFINITION('','',#4210,#4170);
#4131=PRODUCT_DEFINITION('','',#4211,#4171);
#4132=PRODUCT_DEFINITION('','',#4212,#4172);
#4133=PRODUCT_DEFINITION('','',#4213,#4173);
#4134=PRODUCT_DEFINITION('','',#4214,#4174);
#4135=PRODUCT_DEFINITION('','',#4215,#4175);
#4136=PRODUCT_DEFINITION('','',#4216,#4176);
#4137=PRODUCT_DEFINITION('','',#4217,#4177);
#4138=PRODUCT_DEFINITION('','',#4218,#4178);
#4139=PRODUCT_DEFINITION('','',#4219,#4179);
#4140=PRODUCT_DEFINITION('','',#4220,#4180);
#4141=PRODUCT_DEFINITION('','',#4221,#4181);
#4142=PRODUCT_DEFINITION('','',#4222,#4182);
#4143=PRODUCT_DEFINITION('','',#4223,#4183);
#4144=PRODUCT_DEFINITION('','',#4224,#4184);
#4145=PRODUCT_DEFINITION('','',#4225,#4185);
#4146=PRODUCT_DEFINITION('','',#4226,#4186);
#4147=PRODUCT_DEFINITION('','',#4227,#4187);
#4148=PRODUCT_DEFINITION('','',#4228,#4188);
#4149=PRODUCT_DEFINITION('','',#4229,#4189);
#4150=PRODUCT_DEFINITION('','',#4230,#4190);
#4151=PRODUCT_DEFINITION('','',#4231,#4191);
#4152=PRODUCT_DEFINITION('','',#4232,#4192);
#4153=PRODUCT_DEFINITION('','',#4233,#4193);
#4154=PRODUCT_DEFINITION('','',#4234,#4194);
#4155=PRODUCT_DEFINITION('','',#4235,#4195);
#4156=PRODUCT_DEFINITION_CONTEXT('',#4436,'design');
#4157=PRODUCT_DEFINITION_CONTEXT('',#4437,'design');
#4158=PRODUCT_DEFINITION_CONTEXT('',#4438,'design');
#4159=PRODUCT_DEFINITION_CONTEXT('',#4439,'design');
#4160=PRODUCT_DEFINITION_CONTEXT('',#4440,'design');
#4161=PRODUCT_DEFINITION_CONTEXT('',#4441,'design');
#4162=PRODUCT_DEFINITION_CONTEXT('',#4442,'design');
#4163=PRODUCT_DEFINITION_CONTEXT('',#4443,'design');
#4164=PRODUCT_DEFINITION_CONTEXT('',#4444,'design');
#4165=PRODUCT_DEFINITION_CONTEXT('',#4445,'design');
#4166=PRODUCT_DEFINITION_CONTEXT('',#4446,'design');
#4167=PRODUCT_DEFINITION_CONTEXT('',#4447,'design');
#4168=PRODUCT_DEFINITION_CONTEXT('',#4448,'design');
#4169=PRODUCT_DEFINITION_CONTEXT('',#4449,'design');
#4170=PRODUCT_DEFINITION_CONTEXT('',#4450,'design');
#4171=PRODUCT_DEFINITION_CONTEXT('',#4451,'design');
#4172=PRODUCT_DEFINITION_CONTEXT('',#4452,'design');
#4173=PRODUCT_DEFINITION_CONTEXT('',#4453,'design');
#4174=PRODUCT_DEFINITION_CONTEXT('',#4454,'design');
#4175=PRODUCT_DEFINITION_CONTEXT('',#4455,'design');
#4176=PRODUCT_DEFINITION_CONTEXT('',#4456,'design');
#4177=PRODUCT_DEFINITION_CONTEXT('',#4457,'design');
#4178=PRODUCT_DEFINITION_CONTEXT('',#4458,'design');
#4179=PRODUCT_DEFINITION_CONTEXT('',#4459,'design');
#4180=PRODUCT_DEFINITION_CONTEXT('',#4460,'design');
#4181=PRODUCT_DEFINITION_CONTEXT('',#4461,'design');
#4182=PRODUCT_DEFINITION_CONTEXT('',#4462,'design');
#4183=PRODUCT_DEFINITION_CONTEXT('',#4463,'design');
#4184=PRODUCT_DEFINITION_CONTEXT('',#4464,'design');
#4185=PRODUCT_DEFINITION_CONTEXT('',#4465,'design');
#4186=PRODUCT_DEFINITION_CONTEXT('',#4466,'design');
#4187=PRODUCT_DEFINITION_CONTEXT('',#4467,'design');
#4188=PRODUCT_DEFINITION_CONTEXT('',#4468,'design');
#4189=PRODUCT_DEFINITION_CONTEXT('',#4469,'design');
#4190=PRODUCT_DEFINITION_CONTEXT('',#4470,'design');
#4191=PRODUCT_DEFINITION_CONTEXT('',#4471,'design');
#4192=PRODUCT_DEFINITION_CONTEXT('',#4472,'design');
#4193=PRODUCT_DEFINITION_CONTEXT('',#4473,'design');
#4194=PRODUCT_DEFINITION_CONTEXT('',#4474,'design');
#4195=PRODUCT_DEFINITION_CONTEXT('',#4475,'design');
#4196=PRODUCT_DEFINITION_FORMATION_WITH_SPECIFIED_SOURCE('','',#4276,
 .NOT_KNOWN.);
#4197=PRODUCT_DEFINITION_FORMATION_WITH_SPECIFIED_SOURCE('','',#4277,
 .NOT_KNOWN.);
#4198=PRODUCT_DEFINITION_FORMATION_WITH_SPECIFIED_SOURCE('','',#4278,
 .NOT_KNOWN.);
#4199=PRODUCT_DEFINITION_FORMATION_WITH_SPECIFIED_SOURCE('','',#4279,
 .NOT_KNOWN.);
#4200=PRODUCT_DEFINITION_FORMATION_WITH_SPECIFIED_SOURCE('','',#4280,
 .NOT_KNOWN.);
#4201=PRODUCT_DEFINITION_FORMATION_WITH_SPECIFIED_SOURCE('','',#4281,
 .NOT_KNOWN.);
#4202=PRODUCT_DEFINITION_FORMATION_WITH_SPECIFIED_SOURCE('','',#4282,
 .NOT_KNOWN.);
#4203=PRODUCT_DEFINITION_FORMATION_WITH_SPECIFIED_SOURCE('','',#4283,
 .NOT_KNOWN.);
#4204=PRODUCT_DEFINITION_FORMATION_WITH_SPECIFIED_SOURCE('','',#4284,
 .NOT_KNOWN.);
#4205=PRODUCT_DEFINITION_FORMATION_WITH_SPECIFIED_SOURCE('','',#4285,
 .NOT_KNOWN.);
#4206=PRODUCT_DEFINITION_FORMATION_WITH_SPECIFIED_SOURCE('','',#4286,
 .NOT_KNOWN.);
#4207=PRODUCT_DEFINITION_FORMATION_WITH_SPECIFIED_SOURCE('','',#4287,
 .NOT_KNOWN.);
#4208=PRODUCT_DEFINITION_FORMATION_WITH_SPECIFIED_SOURCE('','',#4288,
 .NOT_KNOWN.);
#4209=PRODUCT_DEFINITION_FORMATION_WITH_SPECIFIED_SOURCE('','',#4289,
 .NOT_KNOWN.);
#4210=PRODUCT_DEFINITION_FORMATION_WITH_SPECIFIED_SOURCE('','',#4290,
 .NOT_KNOWN.);
#4211=PRODUCT_DEFINITION_FORMATION_WITH_SPECIFIED_SOURCE('','',#4291,
 .NOT_KNOWN.);
#4212=PRODUCT_DEFINITION_FORMATION_WITH_SPECIFIED_SOURCE('','',#4292,
 .NOT_KNOWN.);
#4213=PRODUCT_DEFINITION_FORMATION_WITH_SPECIFIED_SOURCE('','',#4293,
 .NOT_KNOWN.);
#4214=PRODUCT_DEFINITION_FORMATION_WITH_SPECIFIED_SOURCE('','',#4294,
 .NOT_KNOWN.);
#4215=PRODUCT_DEFINITION_FORMATION_WITH_SPECIFIED_SOURCE('','',#4295,
 .NOT_KNOWN.);
#4216=PRODUCT_DEFINITION_FORMATION_WITH_SPECIFIED_SOURCE('','',#4296,
 .NOT_KNOWN.);
#4217=PRODUCT_DEFINITION_FORMATION_WITH_SPECIFIED_SOURCE('','',#4297,
 .NOT_KNOWN.);
#4218=PRODUCT_DEFINITION_FORMATION_WITH_SPECIFIED_SOURCE('','',#4298,
 .NOT_KNOWN.);
#4219=PRODUCT_DEFINITION_FORMATION_WITH_SPECIFIED_SOURCE('','',#4299,
 .NOT_KNOWN.);
#4220=PRODUCT_DEFINITION_FORMATION_WITH_SPECIFIED_SOURCE('','',#4300,
 .NOT_KNOWN.);
#4221=PRODUCT_DEFINITION_FORMATION_WITH_SPECIFIED_SOURCE('','',#4301,
 .NOT_KNOWN.);
#4222=PRODUCT_DEFINITION_FORMATION_WITH_SPECIFIED_SOURCE('','',#4302,
 .NOT_KNOWN.);
#4223=PRODUCT_DEFINITION_FORMATION_WITH_SPECIFIED_SOURCE('','',#4303,
 .NOT_KNOWN.);
#4224=PRODUCT_DEFINITION_FORMATION_WITH_SPECIFIED_SOURCE('','',#4304,
 .NOT_KNOWN.);
#4225=PRODUCT_DEFINITION_FORMATION_WITH_SPECIFIED_SOURCE('','',#4305,
 .NOT_KNOWN.);
#4226=PRODUCT_DEFINITION_FORMATION_WITH_SPECIFIED_SOURCE('','',#4306,
 .NOT_KNOWN.);
#4227=PRODUCT_DEFINITION_FORMATION_WITH_SPECIFIED_SOURCE('','',#4307,
 .NOT_KNOWN.);
#4228=PRODUCT_DEFINITION_FORMATION_WITH_SPECIFIED_SOURCE('','',#4308,
 .NOT_KNOWN.);
#4229=PRODUCT_DEFINITION_FORMATION_WITH_SPECIFIED_SOURCE('','',#4309,
 .NOT_KNOWN.);
#4230=PRODUCT_DEFINITION_FORMATION_WITH_SPECIFIED_SOURCE('','',#4310,
 .NOT_KNOWN.);
#4231=PRODUCT_DEFINITION_FORMATION_WITH_SPECIFIED_SOURCE('','',#4311,
 .NOT_KNOWN.);
#4232=PRODUCT_DEFINITION_FORMATION_WITH_SPECIFIED_SOURCE('','',#4312,
 .NOT_KNOWN.);
#4233=PRODUCT_DEFINITION_FORMATION_WITH_SPECIFIED_SOURCE('','',#4313,
 .NOT_KNOWN.);
#4234=PRODUCT_DEFINITION_FORMATION_WITH_SPECIFIED_SOURCE('','',#4314,
 .NOT_KNOWN.);
#4235=PRODUCT_DEFINITION_FORMATION_WITH_SPECIFIED_SOURCE('','',#4315,
 .NOT_KNOWN.);
#4236=PRODUCT_RELATED_PRODUCT_CATEGORY('','',(#4276));
#4237=PRODUCT_RELATED_PRODUCT_CATEGORY('','',(#4277));
#4238=PRODUCT_RELATED_PRODUCT_CATEGORY('','',(#4278));
#4239=PRODUCT_RELATED_PRODUCT_CATEGORY('','',(#4279));
#4240=PRODUCT_RELATED_PRODUCT_CATEGORY('','',(#4280));
#4241=PRODUCT_RELATED_PRODUCT_CATEGORY('','',(#4281));
#4242=PRODUCT_RELATED_PRODUCT_CATEGORY('','',(#4282));
#4243=PRODUCT_RELATED_PRODUCT_CATEGORY('','',(#4283));
#4244=PRODUCT_RELATED_PRODUCT_CATEGORY('','',(#4284));
#4245=PRODUCT_RELATED_PRODUCT_CATEGORY('','',(#4285));
#4246=PRODUCT_RELATED_PRODUCT_CATEGORY('','',(#4286));
#4247=PRODUCT_RELATED_PRODUCT_CATEGORY('','',(#4287));
#4248=PRODUCT_RELATED_PRODUCT_CATEGORY('','',(#4288));
#4249=PRODUCT_RELATED_PRODUCT_CATEGORY('','',(#4289));
#4250=PRODUCT_RELATED_PRODUCT_CATEGORY('','',(#4290));
#4251=PRODUCT_RELATED_PRODUCT_CATEGORY('','',(#4291));
#4252=PRODUCT_RELATED_PRODUCT_CATEGORY('','',(#4292));
#4253=PRODUCT_RELATED_PRODUCT_CATEGORY('','',(#4293));
#4254=PRODUCT_RELATED_PRODUCT_CATEGORY('','',(#4294));
#4255=PRODUCT_RELATED_PRODUCT_CATEGORY('','',(#4295));
#4256=PRODUCT_RELATED_PRODUCT_CATEGORY('','',(#4296));
#4257=PRODUCT_RELATED_PRODUCT_CATEGORY('','',(#4297));
#4258=PRODUCT_RELATED_PRODUCT_CATEGORY('','',(#4298));
#4259=PRODUCT_RELATED_PRODUCT_CATEGORY('','',(#4299));
#4260=PRODUCT_RELATED_PRODUCT_CATEGORY('','',(#4300));
#4261=PRODUCT_RELATED_PRODUCT_CATEGORY('','',(#4301));
#4262=PRODUCT_RELATED_PRODUCT_CATEGORY('','',(#4302));
#4263=PRODUCT_RELATED_PRODUCT_CATEGORY('','',(#4303));
#4264=PRODUCT_RELATED_PRODUCT_CATEGORY('','',(#4304));
#4265=PRODUCT_RELATED_PRODUCT_CATEGORY('','',(#4305));
#4266=PRODUCT_RELATED_PRODUCT_CATEGORY('','',(#4306));
#4267=PRODUCT_RELATED_PRODUCT_CATEGORY('','',(#4307));
#4268=PRODUCT_RELATED_PRODUCT_CATEGORY('','',(#4308));
#4269=PRODUCT_RELATED_PRODUCT_CATEGORY('','',(#4309));
#4270=PRODUCT_RELATED_PRODUCT_CATEGORY('','',(#4310));
#4271=PRODUCT_RELATED_PRODUCT_CATEGORY('','',(#4311));
#4272=PRODUCT_RELATED_PRODUCT_CATEGORY('','',(#4312));
#4273=PRODUCT_RELATED_PRODUCT_CATEGORY('','',(#4313));
#4274=PRODUCT_RELATED_PRODUCT_CATEGORY('','',(#4314));
#4275=PRODUCT_RELATED_PRODUCT_CATEGORY('','',(#4315));
#4276=PRODUCT('Part 8','Part 8','Part 8',(#4356));
#4277=PRODUCT('Part 40','Part 40','Part 40',(#4357));
#4278=PRODUCT('Part 18','Part 18','Part 18',(#4358));
#4279=PRODUCT('Part 9','Part 9','Part 9',(#4359));
#4280=PRODUCT('Part 19','Part 19','Part 19',(#4360));
#4281=PRODUCT('Part 1','Part 1','Part 1',(#4361));
#4282=PRODUCT('Part 10','Part 10','Part 10',(#4362));
#4283=PRODUCT('Part 20','Part 20','Part 20',(#4363));
#4284=PRODUCT('Part 11','Part 11','Part 11',(#4364));
#4285=PRODUCT('Part 21','Part 21','Part 21',(#4365));
#4286=PRODUCT('Part 17','Part 17','Part 17',(#4366));
#4287=PRODUCT('Part 12','Part 12','Part 12',(#4367));
#4288=PRODUCT('Part 22','Part 22','Part 22',(#4368));
#4289=PRODUCT('Part 15','Part 15','Part 15',(#4369));
#4290=PRODUCT('Part 13','Part 13','Part 13',(#4370));
#4291=PRODUCT('Part 23','Part 23','Part 23',(#4371));
#4292=PRODUCT('Part 16','Part 16','Part 16',(#4372));
#4293=PRODUCT('Part 14','Part 14','Part 14',(#4373));
#4294=PRODUCT('Part 24','Part 24','Part 24',(#4374));
#4295=PRODUCT('Part 2','Part 2','Part 2',(#4375));
#4296=PRODUCT('Part 34','Part 34','Part 34',(#4376));
#4297=PRODUCT('Part 25','Part 25','Part 25',(#4377));
#4298=PRODUCT('Part 3','Part 3','Part 3',(#4378));
#4299=PRODUCT('Part 35','Part 35','Part 35',(#4379));
#4300=PRODUCT('Part 26','Part 26','Part 26',(#4380));
#4301=PRODUCT('Part 4','Part 4','Part 4',(#4381));
#4302=PRODUCT('Part 33','Part 33','Part 33',(#4382));
#4303=PRODUCT('Part 36','Part 36','Part 36',(#4383));
#4304=PRODUCT('Part 27','Part 27','Part 27',(#4384));
#4305=PRODUCT('Part 5','Part 5','Part 5',(#4385));
#4306=PRODUCT('Part 31','Part 31','Part 31',(#4386));
#4307=PRODUCT('Part 37','Part 37','Part 37',(#4387));
#4308=PRODUCT('Part 28','Part 28','Part 28',(#4388));
#4309=PRODUCT('Part 6','Part 6','Part 6',(#4389));
#4310=PRODUCT('Part 32','Part 32','Part 32',(#4390));
#4311=PRODUCT('Part 38','Part 38','Part 38',(#4391));
#4312=PRODUCT('Part 29','Part 29','Part 29',(#4392));
#4313=PRODUCT('Part 7','Part 7','Part 7',(#4393));
#4314=PRODUCT('Part 30','Part 30','Part 30',(#4394));
#4315=PRODUCT('Part 39','Part 39','Part 39',(#4395));
#4316=PRODUCT_CATEGORY('','');
#4317=PRODUCT_CATEGORY('','');
#4318=PRODUCT_CATEGORY('','');
#4319=PRODUCT_CATEGORY('','');
#4320=PRODUCT_CATEGORY('','');
#4321=PRODUCT_CATEGORY('','');
#4322=PRODUCT_CATEGORY('','');
#4323=PRODUCT_CATEGORY('','');
#4324=PRODUCT_CATEGORY('','');
#4325=PRODUCT_CATEGORY('','');
#4326=PRODUCT_CATEGORY('','');
#4327=PRODUCT_CATEGORY('','');
#4328=PRODUCT_CATEGORY('','');
#4329=PRODUCT_CATEGORY('','');
#4330=PRODUCT_CATEGORY('','');
#4331=PRODUCT_CATEGORY('','');
#4332=PRODUCT_CATEGORY('','');
#4333=PRODUCT_CATEGORY('','');
#4334=PRODUCT_CATEGORY('','');
#4335=PRODUCT_CATEGORY('','');
#4336=PRODUCT_CATEGORY('','');
#4337=PRODUCT_CATEGORY('','');
#4338=PRODUCT_CATEGORY('','');
#4339=PRODUCT_CATEGORY('','');
#4340=PRODUCT_CATEGORY('','');
#4341=PRODUCT_CATEGORY('','');
#4342=PRODUCT_CATEGORY('','');
#4343=PRODUCT_CATEGORY('','');
#4344=PRODUCT_CATEGORY('','');
#4345=PRODUCT_CATEGORY('','');
#4346=PRODUCT_CATEGORY('','');
#4347=PRODUCT_CATEGORY('','');
#4348=PRODUCT_CATEGORY('','');
#4349=PRODUCT_CATEGORY('','');
#4350=PRODUCT_CATEGORY('','');
#4351=PRODUCT_CATEGORY('','');
#4352=PRODUCT_CATEGORY('','');
#4353=PRODUCT_CATEGORY('','');
#4354=PRODUCT_CATEGORY('','');
#4355=PRODUCT_CATEGORY('','');
#4356=PRODUCT_CONTEXT('',#4436,'mechanical');
#4357=PRODUCT_CONTEXT('',#4437,'mechanical');
#4358=PRODUCT_CONTEXT('',#4438,'mechanical');
#4359=PRODUCT_CONTEXT('',#4439,'mechanical');
#4360=PRODUCT_CONTEXT('',#4440,'mechanical');
#4361=PRODUCT_CONTEXT('',#4441,'mechanical');
#4362=PRODUCT_CONTEXT('',#4442,'mechanical');
#4363=PRODUCT_CONTEXT('',#4443,'mechanical');
#4364=PRODUCT_CONTEXT('',#4444,'mechanical');
#4365=PRODUCT_CONTEXT('',#4445,'mechanical');
#4366=PRODUCT_CONTEXT('',#4446,'mechanical');
#4367=PRODUCT_CONTEXT('',#4447,'mechanical');
#4368=PRODUCT_CONTEXT('',#4448,'mechanical');
#4369=PRODUCT_CONTEXT('',#4449,'mechanical');
#4370=PRODUCT_CONTEXT('',#4450,'mechanical');
#4371=PRODUCT_CONTEXT('',#4451,'mechanical');
#4372=PRODUCT_CONTEXT('',#4452,'mechanical');
#4373=PRODUCT_CONTEXT('',#4453,'mechanical');
#4374=PRODUCT_CONTEXT('',#4454,'mechanical');
#4375=PRODUCT_CONTEXT('',#4455,'mechanical');
#4376=PRODUCT_CONTEXT('',#4456,'mechanical');
#4377=PRODUCT_CONTEXT('',#4457,'mechanical');
#4378=PRODUCT_CONTEXT('',#4458,'mechanical');
#4379=PRODUCT_CONTEXT('',#4459,'mechanical');
#4380=PRODUCT_CONTEXT('',#4460,'mechanical');
#4381=PRODUCT_CONTEXT('',#4461,'mechanical');
#4382=PRODUCT_CONTEXT('',#4462,'mechanical');
#4383=PRODUCT_CONTEXT('',#4463,'mechanical');
#4384=PRODUCT_CONTEXT('',#4464,'mechanical');
#4385=PRODUCT_CONTEXT('',#4465,'mechanical');
#4386=PRODUCT_CONTEXT('',#4466,'mechanical');
#4387=PRODUCT_CONTEXT('',#4467,'mechanical');
#4388=PRODUCT_CONTEXT('',#4468,'mechanical');
#4389=PRODUCT_CONTEXT('',#4469,'mechanical');
#4390=PRODUCT_CONTEXT('',#4470,'mechanical');
#4391=PRODUCT_CONTEXT('',#4471,'mechanical');
#4392=PRODUCT_CONTEXT('',#4472,'mechanical');
#4393=PRODUCT_CONTEXT('',#4473,'mechanical');
#4394=PRODUCT_CONTEXT('',#4474,'mechanical');
#4395=PRODUCT_CONTEXT('',#4475,'mechanical');
#4396=APPLICATION_PROTOCOL_DEFINITION('international standard',
'ap242_managed_model_based_3d_engineering',2020,#4436);
#4397=APPLICATION_PROTOCOL_DEFINITION('international standard',
'ap242_managed_model_based_3d_engineering',2020,#4437);
#4398=APPLICATION_PROTOCOL_DEFINITION('international standard',
'ap242_managed_model_based_3d_engineering',2020,#4438);
#4399=APPLICATION_PROTOCOL_DEFINITION('international standard',
'ap242_managed_model_based_3d_engineering',2020,#4439);
#4400=APPLICATION_PROTOCOL_DEFINITION('international standard',
'ap242_managed_model_based_3d_engineering',2020,#4440);
#4401=APPLICATION_PROTOCOL_DEFINITION('international standard',
'ap242_managed_model_based_3d_engineering',2020,#4441);
#4402=APPLICATION_PROTOCOL_DEFINITION('international standard',
'ap242_managed_model_based_3d_engineering',2020,#4442);
#4403=APPLICATION_PROTOCOL_DEFINITION('international standard',
'ap242_managed_model_based_3d_engineering',2020,#4443);
#4404=APPLICATION_PROTOCOL_DEFINITION('international standard',
'ap242_managed_model_based_3d_engineering',2020,#4444);
#4405=APPLICATION_PROTOCOL_DEFINITION('international standard',
'ap242_managed_model_based_3d_engineering',2020,#4445);
#4406=APPLICATION_PROTOCOL_DEFINITION('international standard',
'ap242_managed_model_based_3d_engineering',2020,#4446);
#4407=APPLICATION_PROTOCOL_DEFINITION('international standard',
'ap242_managed_model_based_3d_engineering',2020,#4447);
#4408=APPLICATION_PROTOCOL_DEFINITION('international standard',
'ap242_managed_model_based_3d_engineering',2020,#4448);
#4409=APPLICATION_PROTOCOL_DEFINITION('international standard',
'ap242_managed_model_based_3d_engineering',2020,#4449);
#4410=APPLICATION_PROTOCOL_DEFINITION('international standard',
'ap242_managed_model_based_3d_engineering',2020,#4450);
#4411=APPLICATION_PROTOCOL_DEFINITION('international standard',
'ap242_managed_model_based_3d_engineering',2020,#4451);
#4412=APPLICATION_PROTOCOL_DEFINITION('international standard',
'ap242_managed_model_based_3d_engineering',2020,#4452);
#4413=APPLICATION_PROTOCOL_DEFINITION('international standard',
'ap242_managed_model_based_3d_engineering',2020,#4453);
#4414=APPLICATION_PROTOCOL_DEFINITION('international standard',
'ap242_managed_model_based_3d_engineering',2020,#4454);
#4415=APPLICATION_PROTOCOL_DEFINITION('international standard',
'ap242_managed_model_based_3d_engineering',2020,#4455);
#4416=APPLICATION_PROTOCOL_DEFINITION('international standard',
'ap242_managed_model_based_3d_engineering',2020,#4456);
#4417=APPLICATION_PROTOCOL_DEFINITION('international standard',
'ap242_managed_model_based_3d_engineering',2020,#4457);
#4418=APPLICATION_PROTOCOL_DEFINITION('international standard',
'ap242_managed_model_based_3d_engineering',2020,#4458);
#4419=APPLICATION_PROTOCOL_DEFINITION('international standard',
'ap242_managed_model_based_3d_engineering',2020,#4459);
#4420=APPLICATION_PROTOCOL_DEFINITION('international standard',
'ap242_managed_model_based_3d_engineering',2020,#4460);
#4421=APPLICATION_PROTOCOL_DEFINITION('international standard',
'ap242_managed_model_based_3d_engineering',2020,#4461);
#4422=APPLICATION_PROTOCOL_DEFINITION('international standard',
'ap242_managed_model_based_3d_engineering',2020,#4462);
#4423=APPLICATION_PROTOCOL_DEFINITION('international standard',
'ap242_managed_model_based_3d_engineering',2020,#4463);
#4424=APPLICATION_PROTOCOL_DEFINITION('international standard',
'ap242_managed_model_based_3d_engineering',2020,#4464);
#4425=APPLICATION_PROTOCOL_DEFINITION('international standard',
'ap242_managed_model_based_3d_engineering',2020,#4465);
#4426=APPLICATION_PROTOCOL_DEFINITION('international standard',
'ap242_managed_model_based_3d_engineering',2020,#4466);
#4427=APPLICATION_PROTOCOL_DEFINITION('international standard',
'ap242_managed_model_based_3d_engineering',2020,#4467);
#4428=APPLICATION_PROTOCOL_DEFINITION('international standard',
'ap242_managed_model_based_3d_engineering',2020,#4468);
#4429=APPLICATION_PROTOCOL_DEFINITION('international standard',
'ap242_managed_model_based_3d_engineering',2020,#4469);
#4430=APPLICATION_PROTOCOL_DEFINITION('international standard',
'ap242_managed_model_based_3d_engineering',2020,#4470);
#4431=APPLICATION_PROTOCOL_DEFINITION('international standard',
'ap242_managed_model_based_3d_engineering',2020,#4471);
#4432=APPLICATION_PROTOCOL_DEFINITION('international standard',
'ap242_managed_model_based_3d_engineering',2020,#4472);
#4433=APPLICATION_PROTOCOL_DEFINITION('international standard',
'ap242_managed_model_based_3d_engineering',2020,#4473);
#4434=APPLICATION_PROTOCOL_DEFINITION('international standard',
'ap242_managed_model_based_3d_engineering',2020,#4474);
#4435=APPLICATION_PROTOCOL_DEFINITION('international standard',
'ap242_managed_model_based_3d_engineering',2020,#4475);
#4436=APPLICATION_CONTEXT('managed model based 3d engineering');
#4437=APPLICATION_CONTEXT('managed model based 3d engineering');
#4438=APPLICATION_CONTEXT('managed model based 3d engineering');
#4439=APPLICATION_CONTEXT('managed model based 3d engineering');
#4440=APPLICATION_CONTEXT('managed model based 3d engineering');
#4441=APPLICATION_CONTEXT('managed model based 3d engineering');
#4442=APPLICATION_CONTEXT('managed model based 3d engineering');
#4443=APPLICATION_CONTEXT('managed model based 3d engineering');
#4444=APPLICATION_CONTEXT('managed model based 3d engineering');
#4445=APPLICATION_CONTEXT('managed model based 3d engineering');
#4446=APPLICATION_CONTEXT('managed model based 3d engineering');
#4447=APPLICATION_CONTEXT('managed model based 3d engineering');
#4448=APPLICATION_CONTEXT('managed model based 3d engineering');
#4449=APPLICATION_CONTEXT('managed model based 3d engineering');
#4450=APPLICATION_CONTEXT('managed model based 3d engineering');
#4451=APPLICATION_CONTEXT('managed model based 3d engineering');
#4452=APPLICATION_CONTEXT('managed model based 3d engineering');
#4453=APPLICATION_CONTEXT('managed model based 3d engineering');
#4454=APPLICATION_CONTEXT('managed model based 3d engineering');
#4455=APPLICATION_CONTEXT('managed model based 3d engineering');
#4456=APPLICATION_CONTEXT('managed model based 3d engineering');
#4457=APPLICATION_CONTEXT('managed model based 3d engineering');
#4458=APPLICATION_CONTEXT('managed model based 3d engineering');
#4459=APPLICATION_CONTEXT('managed model based 3d engineering');
#4460=APPLICATION_CONTEXT('managed model based 3d engineering');
#4461=APPLICATION_CONTEXT('managed model based 3d engineering');
#4462=APPLICATION_CONTEXT('managed model based 3d engineering');
#4463=APPLICATION_CONTEXT('managed model based 3d engineering');
#4464=APPLICATION_CONTEXT('managed model based 3d engineering');
#4465=APPLICATION_CONTEXT('managed model based 3d engineering');
#4466=APPLICATION_CONTEXT('managed model based 3d engineering');
#4467=APPLICATION_CONTEXT('managed model based 3d engineering');
#4468=APPLICATION_CONTEXT('managed model based 3d engineering');
#4469=APPLICATION_CONTEXT('managed model based 3d engineering');
#4470=APPLICATION_CONTEXT('managed model based 3d engineering');
#4471=APPLICATION_CONTEXT('managed model based 3d engineering');
#4472=APPLICATION_CONTEXT('managed model based 3d engineering');
#4473=APPLICATION_CONTEXT('managed model based 3d engineering');
#4474=APPLICATION_CONTEXT('managed model based 3d engineering');
#4475=APPLICATION_CONTEXT('managed model based 3d engineering');
ENDSEC;
END-ISO-10303-21;
